0 verbose cli /Users/stanford/.nvm/versions/node/v24.13.0/bin/node /Users/stanford/.nvm/versions/node/v24.13.0/bin/npm
1 info using npm@11.6.2
2 info using node@v24.13.0
3 silly config load:file:/Users/stanford/.nvm/versions/node/v24.13.0/lib/node_modules/npm/npmrc
4 silly config load:file:/Users/stanford/Documents/Codex/2026-08-20/what/.npmrc
5 silly config load:file:/Users/stanford/.npmrc
6 silly config load:file:/Users/stanford/.nvm/versions/node/v24.13.0/etc/npmrc
7 verbose title npm install
8 verbose argv "install" "--cache" "./work/npm-cache"
9 verbose logfile logs-max:10 dir:/Users/stanford/Documents/Codex/2026-08-20/what/work/npm-cache/_logs/2026-08-20T07_02_02_344Z-
10 verbose logfile /Users/stanford/Documents/Codex/2026-08-20/what/work/npm-cache/_logs/2026-08-20T07_02_02_344Z-debug-0.log
11 silly logfile done cleaning log files
12 silly packumentCache heap:4496293888 maxSize:1124073472 maxEntrySize:562036736
13 silly idealTree buildDeps
14 silly fetch manifest @types/node@^24.3.0
15 silly packumentCache full:https://registry.npmjs.org/@types%2fnode cache-miss
16 http fetch GET 200 https://registry.npmjs.org/npm 229ms
17 http fetch GET 200 https://registry.npmjs.org/@types%2fnode 367ms (cache miss)
18 silly packumentCache full:https://registry.npmjs.org/@types%2fnode set size:undefined disposed:false
19 silly fetch manifest typescript@^5.9.2
20 silly packumentCache full:https://registry.npmjs.org/typescript cache-miss
21 http fetch GET 200 https://registry.npmjs.org/typescript 256ms (cache miss)
22 silly packumentCache full:https://registry.npmjs.org/typescript set size:undefined disposed:false
23 silly fetch manifest vitest@^3.2.4
24 silly packumentCache full:https://registry.npmjs.org/vitest cache-miss
25 http fetch GET 200 https://registry.npmjs.org/vitest 187ms (cache miss)
26 silly packumentCache full:https://registry.npmjs.org/vitest set size:undefined disposed:false
27 silly fetch manifest @edge-runtime/vm@*
28 silly packumentCache full:https://registry.npmjs.org/@edge-runtime%2fvm cache-miss
29 http fetch GET 200 https://registry.npmjs.org/@edge-runtime%2fvm 64ms (cache miss)
30 silly packumentCache full:https://registry.npmjs.org/@edge-runtime%2fvm set size:undefined disposed:false
31 silly fetch manifest @types/debug@^4.1.12
32 silly packumentCache full:https://registry.npmjs.org/@types%2fdebug cache-miss
33 http fetch GET 200 https://registry.npmjs.org/@types%2fdebug 449ms (cache miss)
34 silly packumentCache full:https://registry.npmjs.org/@types%2fdebug set size:undefined disposed:false
35 silly fetch manifest @vitest/browser@3.2.7
36 silly packumentCache full:https://registry.npmjs.org/@vitest%2fbrowser cache-miss
37 http fetch GET 200 https://registry.npmjs.org/@vitest%2fbrowser 73ms (cache miss)
38 silly packumentCache full:https://registry.npmjs.org/@vitest%2fbrowser set size:undefined disposed:false
39 silly fetch manifest playwright@*
40 silly packumentCache full:https://registry.npmjs.org/playwright cache-miss
41 http fetch GET 200 https://registry.npmjs.org/playwright 470ms (cache miss)
42 silly packumentCache full:https://registry.npmjs.org/playwright set size:undefined disposed:false
43 silly fetch manifest webdriverio@^7.0.0 || ^8.0.0 || ^9.0.0
44 silly packumentCache full:https://registry.npmjs.org/webdriverio cache-miss
45 http fetch GET 200 https://registry.npmjs.org/webdriverio 101ms (cache miss)
46 silly packumentCache full:https://registry.npmjs.org/webdriverio set size:undefined disposed:false
47 silly fetch manifest puppeteer-core@>=22.x <=24.x
48 silly packumentCache full:https://registry.npmjs.org/puppeteer-core cache-miss
49 http fetch GET 200 https://registry.npmjs.org/puppeteer-core 74ms (cache miss)
50 silly packumentCache full:https://registry.npmjs.org/puppeteer-core set size:undefined disposed:false
51 silly fetch manifest @vitest/ui@3.2.7
52 silly packumentCache full:https://registry.npmjs.org/@vitest%2fui cache-miss
53 http fetch GET 200 https://registry.npmjs.org/@vitest%2fui 73ms (cache miss)
54 silly packumentCache full:https://registry.npmjs.org/@vitest%2fui set size:undefined disposed:false
55 silly fetch manifest happy-dom@*
56 silly packumentCache full:https://registry.npmjs.org/happy-dom cache-miss
57 http fetch GET 200 https://registry.npmjs.org/happy-dom 167ms (cache miss)
58 silly packumentCache full:https://registry.npmjs.org/happy-dom set size:undefined disposed:false
59 silly fetch manifest jsdom@*
60 silly packumentCache full:https://registry.npmjs.org/jsdom cache-miss
61 http fetch GET 200 https://registry.npmjs.org/jsdom 60ms (cache miss)
62 silly packumentCache full:https://registry.npmjs.org/jsdom set size:undefined disposed:false
63 silly fetch manifest canvas@^3.0.0
64 silly packumentCache full:https://registry.npmjs.org/canvas cache-miss
65 http fetch GET 200 https://registry.npmjs.org/canvas 51ms (cache miss)
66 silly packumentCache full:https://registry.npmjs.org/canvas set size:undefined disposed:false
67 silly placeDep ROOT @resume-builder/core@0.1.0 OK for: resume-builder@0.1.0 want: file:/Users/stanford/Documents/Codex/2026-08-20/what/packages/resume-core
68 silly placeDep ROOT @resume-builder/render@0.1.0 OK for: resume-builder@0.1.0 want: file:/Users/stanford/Documents/Codex/2026-08-20/what/packages/resume-render
69 silly placeDep ROOT @resume-builder/render-service@0.1.0 OK for: resume-builder@0.1.0 want: file:/Users/stanford/Documents/Codex/2026-08-20/what/apps/render
70 silly placeDep ROOT @resume-builder/web@0.1.0 OK for: resume-builder@0.1.0 want: file:/Users/stanford/Documents/Codex/2026-08-20/what/apps/web
71 silly placeDep ROOT @types/node@24.13.3 OK for: resume-builder@0.1.0 want: ^24.3.0
72 silly placeDep ROOT typescript@5.9.3 OK for: resume-builder@0.1.0 want: ^5.9.2
73 silly placeDep ROOT vitest@3.2.7 OK for: resume-builder@0.1.0 want: ^3.2.4
74 silly fetch manifest undici-types@~7.18.0
75 silly packumentCache full:https://registry.npmjs.org/undici-types cache-miss
76 silly fetch manifest chai@^5.2.0
77 silly packumentCache full:https://registry.npmjs.org/chai cache-miss
78 silly fetch manifest vite@^5.0.0 || ^6.0.0 || ^7.0.0-0
79 silly packumentCache full:https://registry.npmjs.org/vite cache-miss
80 silly fetch manifest debug@^4.4.1
81 silly packumentCache full:https://registry.npmjs.org/debug cache-miss
82 silly fetch manifest pathe@^2.0.3
83 silly packumentCache full:https://registry.npmjs.org/pathe cache-miss
84 silly fetch manifest std-env@^3.9.0
85 silly packumentCache full:https://registry.npmjs.org/std-env cache-miss
86 silly fetch manifest tinyexec@^0.3.2
87 silly packumentCache full:https://registry.npmjs.org/tinyexec cache-miss
88 http fetch GET 200 https://registry.npmjs.org/undici-types 49ms (cache miss)
89 silly packumentCache full:https://registry.npmjs.org/undici-types set size:undefined disposed:false
90 silly fetch manifest tinypool@^1.1.1
91 silly packumentCache full:https://registry.npmjs.org/tinypool cache-miss
92 http fetch GET 200 https://registry.npmjs.org/chai 54ms (cache miss)
93 silly packumentCache full:https://registry.npmjs.org/chai set size:undefined disposed:false
94 silly fetch manifest picomatch@^4.0.2
95 silly packumentCache full:https://registry.npmjs.org/picomatch cache-miss
96 http fetch GET 200 https://registry.npmjs.org/picomatch 46ms (cache miss)
97 silly packumentCache full:https://registry.npmjs.org/picomatch set size:undefined disposed:false
98 silly fetch manifest tinybench@^2.9.0
99 silly packumentCache full:https://registry.npmjs.org/tinybench cache-miss
100 http fetch GET 200 https://registry.npmjs.org/std-env 118ms (cache miss)
101 silly packumentCache full:https://registry.npmjs.org/std-env set size:undefined disposed:false
102 silly fetch manifest vite-node@3.2.4
103 silly packumentCache full:https://registry.npmjs.org/vite-node cache-miss
104 http fetch GET 200 https://registry.npmjs.org/tinyexec 135ms (cache miss)
105 silly packumentCache full:https://registry.npmjs.org/tinyexec set size:undefined disposed:false
106 silly fetch manifest tinyglobby@^0.2.14
107 silly packumentCache full:https://registry.npmjs.org/tinyglobby cache-miss
108 http fetch GET 200 https://registry.npmjs.org/debug 148ms (cache miss)
109 silly packumentCache full:https://registry.npmjs.org/debug set size:undefined disposed:false
110 silly fetch manifest @types/chai@^5.2.2
111 silly packumentCache full:https://registry.npmjs.org/@types%2fchai cache-miss
112 http fetch GET 200 https://registry.npmjs.org/pathe 151ms (cache miss)
113 silly packumentCache full:https://registry.npmjs.org/pathe set size:undefined disposed:false
114 silly fetch manifest @vitest/spy@3.2.7
115 silly packumentCache full:https://registry.npmjs.org/@vitest%2fspy cache-miss
116 http fetch GET 200 https://registry.npmjs.org/tinybench 52ms (cache miss)
117 silly packumentCache full:https://registry.npmjs.org/tinybench set size:undefined disposed:false
118 silly fetch manifest expect-type@^1.2.1
119 silly packumentCache full:https://registry.npmjs.org/expect-type cache-miss
120 http fetch GET 200 https://registry.npmjs.org/tinyglobby 44ms (cache miss)
121 silly packumentCache full:https://registry.npmjs.org/tinyglobby set size:undefined disposed:false
122 silly fetch manifest tinyrainbow@^2.0.0
123 silly packumentCache full:https://registry.npmjs.org/tinyrainbow cache-miss
124 http fetch GET 200 https://registry.npmjs.org/@types%2fchai 60ms (cache miss)
125 silly packumentCache full:https://registry.npmjs.org/@types%2fchai set size:undefined disposed:false
126 silly fetch manifest magic-string@^0.30.17
127 silly packumentCache full:https://registry.npmjs.org/magic-string cache-miss
128 http fetch GET 200 https://registry.npmjs.org/expect-type 57ms (cache miss)
129 silly packumentCache full:https://registry.npmjs.org/expect-type set size:undefined disposed:false
130 silly fetch manifest @vitest/utils@3.2.7
131 silly packumentCache full:https://registry.npmjs.org/@vitest%2futils cache-miss
132 http fetch GET 200 https://registry.npmjs.org/vite-node 97ms (cache miss)
133 silly packumentCache full:https://registry.npmjs.org/vite-node set size:undefined disposed:false
134 silly fetch manifest @vitest/expect@3.2.7
135 silly packumentCache full:https://registry.npmjs.org/@vitest%2fexpect cache-miss
136 http fetch GET 200 https://registry.npmjs.org/@vitest%2fspy 71ms (cache miss)
137 silly packumentCache full:https://registry.npmjs.org/@vitest%2fspy set size:undefined disposed:false
138 silly fetch manifest @vitest/mocker@3.2.7
139 silly packumentCache full:https://registry.npmjs.org/@vitest%2fmocker cache-miss
140 http fetch GET 200 https://registry.npmjs.org/tinyrainbow 46ms (cache miss)
141 silly packumentCache full:https://registry.npmjs.org/tinyrainbow set size:undefined disposed:false
142 silly fetch manifest @vitest/runner@3.2.7
143 silly packumentCache full:https://registry.npmjs.org/@vitest%2frunner cache-miss
144 http fetch GET 200 https://registry.npmjs.org/magic-string 54ms (cache miss)
145 silly packumentCache full:https://registry.npmjs.org/magic-string set size:undefined disposed:false
146 silly fetch manifest @vitest/snapshot@3.2.7
147 silly packumentCache full:https://registry.npmjs.org/@vitest%2fsnapshot cache-miss
148 http fetch GET 200 https://registry.npmjs.org/@vitest%2fexpect 55ms (cache miss)
149 silly packumentCache full:https://registry.npmjs.org/@vitest%2fexpect set size:undefined disposed:false
150 silly fetch manifest why-is-node-running@^2.3.0
151 silly packumentCache full:https://registry.npmjs.org/why-is-node-running cache-miss
152 http fetch GET 200 https://registry.npmjs.org/@vitest%2futils 164ms (cache miss)
153 silly packumentCache full:https://registry.npmjs.org/@vitest%2futils set size:undefined disposed:false
154 silly fetch manifest @vitest/pretty-format@^3.2.7
155 silly packumentCache full:https://registry.npmjs.org/@vitest%2fpretty-format cache-miss
156 http fetch GET 200 https://registry.npmjs.org/@vitest%2fmocker 158ms (cache miss)
157 silly packumentCache full:https://registry.npmjs.org/@vitest%2fmocker set size:undefined disposed:false
158 http fetch GET 200 https://registry.npmjs.org/@vitest%2fsnapshot 118ms (cache miss)
159 silly packumentCache full:https://registry.npmjs.org/@vitest%2fsnapshot set size:undefined disposed:false
160 http fetch GET 200 https://registry.npmjs.org/@vitest%2frunner 162ms (cache miss)
161 silly packumentCache full:https://registry.npmjs.org/@vitest%2frunner set size:undefined disposed:false
162 http fetch GET 200 https://registry.npmjs.org/why-is-node-running 124ms (cache miss)
163 silly packumentCache full:https://registry.npmjs.org/why-is-node-running set size:undefined disposed:false
164 http fetch GET 200 https://registry.npmjs.org/tinypool 359ms (cache miss)
165 silly packumentCache full:https://registry.npmjs.org/tinypool set size:undefined disposed:false
166 http fetch GET 200 https://registry.npmjs.org/@vitest%2fpretty-format 56ms (cache miss)
167 silly packumentCache full:https://registry.npmjs.org/@vitest%2fpretty-format set size:undefined disposed:false
168 http fetch GET 200 https://registry.npmjs.org/vite 1466ms (cache miss)
169 silly packumentCache full:https://registry.npmjs.org/vite set size:undefined disposed:false
170 silly placeDep ROOT undici-types@7.18.2 OK for: @types/node@24.13.3 want: ~7.18.0
171 silly fetch manifest @types/node@^18.0.0 || ^20.0.0 || >=22.0.0
172 silly packumentCache full:https://registry.npmjs.org/@types%2fnode cache-miss
173 http cache https://registry.npmjs.org/@types%2fnode 14ms (cache hit)
174 silly packumentCache full:https://registry.npmjs.org/@types%2fnode set size:11088606 disposed:false
175 silly fetch manifest jiti@>=1.21.0
176 silly packumentCache full:https://registry.npmjs.org/jiti cache-miss
177 http fetch GET 200 https://registry.npmjs.org/jiti 63ms (cache miss)
178 silly packumentCache full:https://registry.npmjs.org/jiti set size:undefined disposed:false
179 silly fetch manifest less@^4.0.0
180 silly packumentCache full:https://registry.npmjs.org/less cache-miss
181 http fetch GET 200 https://registry.npmjs.org/less 54ms (cache miss)
182 silly packumentCache full:https://registry.npmjs.org/less set size:undefined disposed:false
183 silly fetch manifest lightningcss@^1.21.0
184 silly packumentCache full:https://registry.npmjs.org/lightningcss cache-miss
185 http fetch GET 200 https://registry.npmjs.org/lightningcss 51ms (cache miss)
186 silly packumentCache full:https://registry.npmjs.org/lightningcss set size:undefined disposed:false
187 silly fetch manifest sass@^1.70.0
188 silly packumentCache full:https://registry.npmjs.org/sass cache-miss
189 http fetch GET 200 https://registry.npmjs.org/sass 132ms (cache miss)
190 silly packumentCache full:https://registry.npmjs.org/sass set size:undefined disposed:false
191 silly fetch manifest sass-embedded@^1.70.0
192 silly packumentCache full:https://registry.npmjs.org/sass-embedded cache-miss
193 http fetch GET 200 https://registry.npmjs.org/sass-embedded 53ms (cache miss)
194 silly packumentCache full:https://registry.npmjs.org/sass-embedded set size:undefined disposed:false
195 silly fetch manifest stylus@>=0.54.8
196 silly packumentCache full:https://registry.npmjs.org/stylus cache-miss
197 http fetch GET 200 https://registry.npmjs.org/stylus 51ms (cache miss)
198 silly packumentCache full:https://registry.npmjs.org/stylus set size:undefined disposed:false
199 silly fetch manifest sugarss@^5.0.0
200 silly packumentCache full:https://registry.npmjs.org/sugarss cache-miss
201 http fetch GET 200 https://registry.npmjs.org/sugarss 46ms (cache miss)
202 silly packumentCache full:https://registry.npmjs.org/sugarss set size:undefined disposed:false
203 silly fetch manifest postcss@^8.3.3
204 silly packumentCache full:https://registry.npmjs.org/postcss cache-miss
205 http fetch GET 200 https://registry.npmjs.org/postcss 78ms (cache miss)
206 silly packumentCache full:https://registry.npmjs.org/postcss set size:undefined disposed:false
207 silly fetch manifest terser@^5.16.0
208 silly packumentCache full:https://registry.npmjs.org/terser cache-miss
209 http fetch GET 200 https://registry.npmjs.org/terser 84ms (cache miss)
210 silly packumentCache full:https://registry.npmjs.org/terser set size:undefined disposed:false
211 silly fetch manifest tsx@^4.8.1
212 silly packumentCache full:https://registry.npmjs.org/tsx cache-miss
213 http fetch GET 200 https://registry.npmjs.org/tsx 56ms (cache miss)
214 silly packumentCache full:https://registry.npmjs.org/tsx set size:undefined disposed:false
215 silly fetch manifest yaml@^2.4.2
216 silly packumentCache full:https://registry.npmjs.org/yaml cache-miss
217 http fetch GET 200 https://registry.npmjs.org/yaml 125ms (cache miss)
218 silly packumentCache full:https://registry.npmjs.org/yaml set size:undefined disposed:false
219 silly fetch manifest msw@^2.4.9
220 silly packumentCache full:https://registry.npmjs.org/msw cache-miss
221 http fetch GET 200 https://registry.npmjs.org/msw 73ms (cache miss)
222 silly packumentCache full:https://registry.npmjs.org/msw set size:undefined disposed:false
223 silly fetch manifest typescript@>= 4.8.x
224 silly packumentCache full:https://registry.npmjs.org/typescript cache-miss
225 http cache https://registry.npmjs.org/typescript 16ms (cache hit)
226 silly packumentCache full:https://registry.npmjs.org/typescript set size:15572560 disposed:false
227 silly placeDep ROOT @types/chai@5.2.3 OK for: vitest@3.2.7 want: ^5.2.2
228 silly placeDep ROOT @vitest/expect@3.2.7 OK for: vitest@3.2.7 want: 3.2.7
229 silly placeDep ROOT @vitest/mocker@3.2.7 OK for: vitest@3.2.7 want: 3.2.7
230 silly placeDep ROOT @vitest/pretty-format@3.2.7 OK for: vitest@3.2.7 want: ^3.2.7
231 silly placeDep ROOT @vitest/runner@3.2.7 OK for: vitest@3.2.7 want: 3.2.7
232 silly placeDep ROOT @vitest/snapshot@3.2.7 OK for: vitest@3.2.7 want: 3.2.7
233 silly placeDep ROOT @vitest/spy@3.2.7 OK for: vitest@3.2.7 want: 3.2.7
234 silly placeDep ROOT @vitest/utils@3.2.7 OK for: vitest@3.2.7 want: 3.2.7
235 silly placeDep ROOT chai@5.3.3 OK for: vitest@3.2.7 want: ^5.2.0
236 silly placeDep ROOT debug@4.4.3 OK for: vitest@3.2.7 want: ^4.4.1
237 silly placeDep ROOT expect-type@1.4.0 OK for: vitest@3.2.7 want: ^1.2.1
238 silly placeDep ROOT magic-string@0.30.21 OK for: vitest@3.2.7 want: ^0.30.17
239 silly placeDep ROOT pathe@2.0.3 OK for: vitest@3.2.7 want: ^2.0.3
240 silly placeDep ROOT picomatch@4.0.5 OK for: vitest@3.2.7 want: ^4.0.2
241 silly placeDep ROOT std-env@3.10.0 OK for: vitest@3.2.7 want: ^3.9.0
242 silly placeDep ROOT tinybench@2.9.0 OK for: vitest@3.2.7 want: ^2.9.0
243 silly placeDep ROOT tinyexec@0.3.2 OK for: vitest@3.2.7 want: ^0.3.2
244 silly placeDep ROOT tinyglobby@0.2.17 OK for: vitest@3.2.7 want: ^0.2.14
245 silly placeDep ROOT tinypool@1.1.1 OK for: vitest@3.2.7 want: ^1.1.1
246 silly placeDep ROOT tinyrainbow@2.0.0 OK for: vitest@3.2.7 want: ^2.0.0
247 silly placeDep ROOT vite@7.3.6 OK for: vitest@3.2.7 want: ^5.0.0 || ^6.0.0 || ^7.0.0-0
248 silly placeDep ROOT vite-node@3.2.4 OK for: vitest@3.2.7 want: 3.2.4
249 silly placeDep ROOT why-is-node-running@2.3.0 OK for: vitest@3.2.7 want: ^2.3.0
250 silly fetch manifest @types/deep-eql@*
251 silly packumentCache full:https://registry.npmjs.org/@types%2fdeep-eql cache-miss
252 silly fetch manifest assertion-error@^2.0.1
253 silly packumentCache full:https://registry.npmjs.org/assertion-error cache-miss
254 silly fetch manifest estree-walker@^3.0.3
255 silly packumentCache full:https://registry.npmjs.org/estree-walker cache-miss
256 silly fetch manifest strip-literal@^3.0.0
257 silly packumentCache full:https://registry.npmjs.org/strip-literal cache-miss
258 silly fetch manifest tinyspy@^4.0.3
259 silly packumentCache full:https://registry.npmjs.org/tinyspy cache-miss
260 silly fetch manifest loupe@^3.1.4
261 silly packumentCache full:https://registry.npmjs.org/loupe cache-miss
262 silly fetch manifest loupe@^3.1.0
263 silly packumentCache full:https://registry.npmjs.org/loupe cache-miss
264 http fetch GET 200 https://registry.npmjs.org/strip-literal 47ms (cache miss)
265 silly packumentCache full:https://registry.npmjs.org/strip-literal set size:undefined disposed:false
266 silly fetch manifest pathval@^2.0.0
267 silly packumentCache full:https://registry.npmjs.org/pathval cache-miss
268 http fetch GET 200 https://registry.npmjs.org/assertion-error 49ms (cache miss)
269 silly packumentCache full:https://registry.npmjs.org/assertion-error set size:undefined disposed:false
270 silly fetch manifest deep-eql@^5.0.1
271 silly packumentCache full:https://registry.npmjs.org/deep-eql cache-miss
272 http fetch GET 200 https://registry.npmjs.org/tinyspy 50ms (cache miss)
273 silly packumentCache full:https://registry.npmjs.org/tinyspy set size:undefined disposed:false
274 silly fetch manifest check-error@^2.1.1
275 silly packumentCache full:https://registry.npmjs.org/check-error cache-miss
276 http fetch GET 200 https://registry.npmjs.org/estree-walker 52ms (cache miss)
277 silly packumentCache full:https://registry.npmjs.org/estree-walker set size:undefined disposed:false
278 silly fetch manifest ms@^2.1.3
279 silly packumentCache full:https://registry.npmjs.org/ms cache-miss
280 http fetch GET 200 https://registry.npmjs.org/loupe 52ms (cache miss)
281 silly packumentCache full:https://registry.npmjs.org/loupe set size:undefined disposed:false
282 silly fetch manifest @jridgewell/sourcemap-codec@^1.5.5
283 silly packumentCache full:https://registry.npmjs.org/@jridgewell%2fsourcemap-codec cache-miss
284 http fetch GET 200 https://registry.npmjs.org/loupe 53ms (cache miss)
285 silly packumentCache full:https://registry.npmjs.org/loupe set size:undefined disposed:false
286 silly fetch manifest fdir@^6.5.0
287 silly packumentCache full:https://registry.npmjs.org/fdir cache-miss
288 http fetch GET 200 https://registry.npmjs.org/@types%2fdeep-eql 57ms (cache miss)
289 silly packumentCache full:https://registry.npmjs.org/@types%2fdeep-eql set size:undefined disposed:false
290 silly fetch manifest fdir@^6.5.0
291 silly packumentCache full:https://registry.npmjs.org/fdir cache-miss
292 http fetch GET 200 https://registry.npmjs.org/ms 43ms (cache miss)
293 silly packumentCache full:https://registry.npmjs.org/ms set size:undefined disposed:false
294 silly fetch manifest rollup@^4.43.0
295 silly packumentCache full:https://registry.npmjs.org/rollup cache-miss
296 http fetch GET 200 https://registry.npmjs.org/@jridgewell%2fsourcemap-codec 55ms (cache miss)
297 silly packumentCache full:https://registry.npmjs.org/@jridgewell%2fsourcemap-codec set size:undefined disposed:false
298 silly fetch manifest esbuild@^0.27.0 || ^0.28.0
299 silly packumentCache full:https://registry.npmjs.org/esbuild cache-miss
300 http fetch GET 200 https://registry.npmjs.org/fdir 52ms (cache miss)
301 silly packumentCache full:https://registry.npmjs.org/fdir set size:undefined disposed:false
302 silly fetch manifest postcss@^8.5.6
303 silly packumentCache full:https://registry.npmjs.org/postcss cache-miss
304 http fetch GET 200 https://registry.npmjs.org/fdir 57ms (cache miss)
305 silly packumentCache full:https://registry.npmjs.org/fdir set size:undefined disposed:false
306 silly fetch manifest fsevents@~2.3.3
307 silly packumentCache full:https://registry.npmjs.org/fsevents cache-miss
308 http cache https://registry.npmjs.org/postcss 4ms (cache hit)
309 silly packumentCache full:https://registry.npmjs.org/postcss set size:760024 disposed:false
310 silly fetch manifest cac@^6.7.14
311 silly packumentCache full:https://registry.npmjs.org/cac cache-miss
312 http fetch GET 200 https://registry.npmjs.org/fsevents 50ms (cache miss)
313 silly packumentCache full:https://registry.npmjs.org/fsevents set size:undefined disposed:false
314 silly fetch manifest es-module-lexer@^1.7.0
315 silly packumentCache full:https://registry.npmjs.org/es-module-lexer cache-miss
316 http fetch GET 200 https://registry.npmjs.org/es-module-lexer 54ms (cache miss)
317 silly packumentCache full:https://registry.npmjs.org/es-module-lexer set size:undefined disposed:false
318 silly fetch manifest siginfo@^2.0.0
319 silly packumentCache full:https://registry.npmjs.org/siginfo cache-miss
320 http fetch GET 200 https://registry.npmjs.org/esbuild 125ms (cache miss)
321 silly packumentCache full:https://registry.npmjs.org/esbuild set size:undefined disposed:false
322 silly fetch manifest stackback@0.0.2
323 silly packumentCache full:https://registry.npmjs.org/stackback cache-miss
324 http fetch GET 200 https://registry.npmjs.org/rollup 151ms (cache miss)
325 silly packumentCache full:https://registry.npmjs.org/rollup set size:undefined disposed:false
326 http fetch GET 200 https://registry.npmjs.org/stackback 102ms (cache miss)
327 silly packumentCache full:https://registry.npmjs.org/stackback set size:undefined disposed:false
328 http fetch GET 200 https://registry.npmjs.org/siginfo 121ms (cache miss)
329 silly packumentCache full:https://registry.npmjs.org/siginfo set size:undefined disposed:false
330 http fetch GET 200 https://registry.npmjs.org/deep-eql 349ms (cache miss)
331 silly packumentCache full:https://registry.npmjs.org/deep-eql set size:undefined disposed:false
332 http fetch GET 200 https://registry.npmjs.org/check-error 352ms (cache miss)
333 silly packumentCache full:https://registry.npmjs.org/check-error set size:undefined disposed:false
334 http fetch GET 200 https://registry.npmjs.org/pathval 357ms (cache miss)
335 silly packumentCache full:https://registry.npmjs.org/pathval set size:undefined disposed:false
336 http fetch GET 200 https://registry.npmjs.org/cac 361ms (cache miss)
337 silly packumentCache full:https://registry.npmjs.org/cac set size:undefined disposed:false
338 silly placeDep ROOT @types/deep-eql@4.0.2 OK for: @types/chai@5.2.3 want: *
339 silly placeDep ROOT assertion-error@2.0.1 OK for: @types/chai@5.2.3 want: ^2.0.1
340 silly placeDep ROOT estree-walker@3.0.3 OK for: @vitest/mocker@3.2.7 want: ^3.0.3
341 silly fetch manifest @types/estree@^1.0.0
342 silly packumentCache full:https://registry.npmjs.org/@types%2festree cache-miss
343 http fetch GET 200 https://registry.npmjs.org/@types%2festree 57ms (cache miss)
344 silly packumentCache full:https://registry.npmjs.org/@types%2festree set size:undefined disposed:false
345 silly placeDep ROOT strip-literal@3.1.0 OK for: @vitest/runner@3.2.7 want: ^3.0.0
346 silly fetch manifest js-tokens@^9.0.1
347 silly packumentCache full:https://registry.npmjs.org/js-tokens cache-miss
348 http fetch GET 200 https://registry.npmjs.org/js-tokens 45ms (cache miss)
349 silly packumentCache full:https://registry.npmjs.org/js-tokens set size:undefined disposed:false
350 silly placeDep ROOT tinyspy@4.0.4 OK for: @vitest/spy@3.2.7 want: ^4.0.3
351 silly placeDep ROOT loupe@3.2.1 OK for: @vitest/utils@3.2.7 want: ^3.1.4
352 silly placeDep ROOT check-error@2.1.3 OK for: chai@5.3.3 want: ^2.1.1
353 silly placeDep ROOT deep-eql@5.0.2 OK for: chai@5.3.3 want: ^5.0.1
354 silly placeDep ROOT pathval@2.0.1 OK for: chai@5.3.3 want: ^2.0.0
355 silly placeDep ROOT ms@2.1.3 OK for: debug@4.4.3 want: ^2.1.3
356 silly placeDep ROOT @types/estree@1.0.9 OK for: estree-walker@3.0.3 want: ^1.0.0
357 silly placeDep ROOT @jridgewell/sourcemap-codec@1.5.5 OK for: magic-string@0.30.21 want: ^1.5.5
358 silly placeDep ROOT js-tokens@9.0.1 OK for: strip-literal@3.1.0 want: ^9.0.1
359 silly fetch manifest picomatch@^4.0.4
360 silly packumentCache full:https://registry.npmjs.org/picomatch cache-miss
361 http cache https://registry.npmjs.org/picomatch 3ms (cache hit)
362 silly packumentCache full:https://registry.npmjs.org/picomatch set size:128942 disposed:false
363 silly placeDep ROOT fdir@6.5.0 OK for: tinyglobby@0.2.17 want: ^6.5.0
364 silly placeDep ROOT esbuild@0.28.2 OK for: vite@7.3.6 want: ^0.27.0 || ^0.28.0
365 silly placeDep ROOT fsevents@2.3.3 OK for: vite@7.3.6 want: ~2.3.3
366 silly placeDep ROOT postcss@8.5.26 OK for: vite@7.3.6 want: ^8.5.6
367 silly placeDep ROOT rollup@4.62.4 OK for: vite@7.3.6 want: ^4.43.0
368 silly fetch manifest @esbuild/aix-ppc64@0.28.2
369 silly packumentCache full:https://registry.npmjs.org/@esbuild%2faix-ppc64 cache-miss
370 silly fetch manifest @esbuild/linux-arm@0.28.2
371 silly packumentCache full:https://registry.npmjs.org/@esbuild%2flinux-arm cache-miss
372 silly fetch manifest @esbuild/linux-x64@0.28.2
373 silly packumentCache full:https://registry.npmjs.org/@esbuild%2flinux-x64 cache-miss
374 silly fetch manifest @esbuild/sunos-x64@0.28.2
375 silly packumentCache full:https://registry.npmjs.org/@esbuild%2fsunos-x64 cache-miss
376 silly fetch manifest @esbuild/win32-x64@0.28.2
377 silly packumentCache full:https://registry.npmjs.org/@esbuild%2fwin32-x64 cache-miss
378 silly fetch manifest @esbuild/darwin-x64@0.28.2
379 silly packumentCache full:https://registry.npmjs.org/@esbuild%2fdarwin-x64 cache-miss
380 silly fetch manifest @esbuild/linux-ia32@0.28.2
381 silly packumentCache full:https://registry.npmjs.org/@esbuild%2flinux-ia32 cache-miss
382 http fetch GET 200 https://registry.npmjs.org/@esbuild%2flinux-arm 52ms (cache miss)
383 silly packumentCache full:https://registry.npmjs.org/@esbuild%2flinux-arm set size:undefined disposed:false
384 silly fetch manifest @esbuild/netbsd-x64@0.28.2
385 silly packumentCache full:https://registry.npmjs.org/@esbuild%2fnetbsd-x64 cache-miss
386 http fetch GET 200 https://registry.npmjs.org/@esbuild%2faix-ppc64 55ms (cache miss)
387 silly packumentCache full:https://registry.npmjs.org/@esbuild%2faix-ppc64 set size:undefined disposed:false
388 silly fetch manifest @esbuild/win32-ia32@0.28.2
389 silly packumentCache full:https://registry.npmjs.org/@esbuild%2fwin32-ia32 cache-miss
390 http fetch GET 200 https://registry.npmjs.org/@esbuild%2fwin32-x64 63ms (cache miss)
391 silly packumentCache full:https://registry.npmjs.org/@esbuild%2fwin32-x64 set size:undefined disposed:false
392 silly fetch manifest @esbuild/android-arm@0.28.2
393 silly packumentCache full:https://registry.npmjs.org/@esbuild%2fandroid-arm cache-miss
394 http fetch GET 200 https://registry.npmjs.org/@esbuild%2fsunos-x64 64ms (cache miss)
395 silly packumentCache full:https://registry.npmjs.org/@esbuild%2fsunos-x64 set size:undefined disposed:false
396 silly fetch manifest @esbuild/android-x64@0.28.2
397 silly packumentCache full:https://registry.npmjs.org/@esbuild%2fandroid-x64 cache-miss
398 http fetch GET 200 https://registry.npmjs.org/@esbuild%2flinux-ia32 64ms (cache miss)
399 silly packumentCache full:https://registry.npmjs.org/@esbuild%2flinux-ia32 set size:undefined disposed:false
400 silly fetch manifest @esbuild/freebsd-x64@0.28.2
401 silly packumentCache full:https://registry.npmjs.org/@esbuild%2ffreebsd-x64 cache-miss
402 http fetch GET 200 https://registry.npmjs.org/@esbuild%2flinux-x64 66ms (cache miss)
403 silly packumentCache full:https://registry.npmjs.org/@esbuild%2flinux-x64 set size:undefined disposed:false
404 silly fetch manifest @esbuild/linux-arm64@0.28.2
405 silly packumentCache full:https://registry.npmjs.org/@esbuild%2flinux-arm64 cache-miss
406 http fetch GET 200 https://registry.npmjs.org/@esbuild%2fwin32-ia32 59ms (cache miss)
407 silly packumentCache full:https://registry.npmjs.org/@esbuild%2fwin32-ia32 set size:undefined disposed:false
408 silly fetch manifest @esbuild/linux-ppc64@0.28.2
409 silly packumentCache full:https://registry.npmjs.org/@esbuild%2flinux-ppc64 cache-miss
410 http fetch GET 200 https://registry.npmjs.org/@esbuild%2fandroid-arm 57ms (cache miss)
411 silly packumentCache full:https://registry.npmjs.org/@esbuild%2fandroid-arm set size:undefined disposed:false
412 silly fetch manifest @esbuild/linux-s390x@0.28.2
413 silly packumentCache full:https://registry.npmjs.org/@esbuild%2flinux-s390x cache-miss
414 http fetch GET 200 https://registry.npmjs.org/@esbuild%2fandroid-x64 59ms (cache miss)
415 silly packumentCache full:https://registry.npmjs.org/@esbuild%2fandroid-x64 set size:undefined disposed:false
416 silly fetch manifest @esbuild/openbsd-x64@0.28.2
417 silly packumentCache full:https://registry.npmjs.org/@esbuild%2fopenbsd-x64 cache-miss
418 http fetch GET 200 https://registry.npmjs.org/@esbuild%2flinux-ppc64 154ms (cache miss)
419 silly packumentCache full:https://registry.npmjs.org/@esbuild%2flinux-ppc64 set size:undefined disposed:false
420 silly fetch manifest @esbuild/win32-arm64@0.28.2
421 silly packumentCache full:https://registry.npmjs.org/@esbuild%2fwin32-arm64 cache-miss
422 http fetch GET 200 https://registry.npmjs.org/@esbuild%2fopenbsd-x64 149ms (cache miss)
423 silly packumentCache full:https://registry.npmjs.org/@esbuild%2fopenbsd-x64 set size:undefined disposed:false
424 silly fetch manifest @esbuild/darwin-arm64@0.28.2
425 silly packumentCache full:https://registry.npmjs.org/@esbuild%2fdarwin-arm64 cache-miss
426 http fetch GET 200 https://registry.npmjs.org/@esbuild%2flinux-arm64 228ms (cache miss)
427 silly packumentCache full:https://registry.npmjs.org/@esbuild%2flinux-arm64 set size:undefined disposed:false
428 silly fetch manifest @esbuild/netbsd-arm64@0.28.2
429 silly packumentCache full:https://registry.npmjs.org/@esbuild%2fnetbsd-arm64 cache-miss
430 http fetch GET 200 https://registry.npmjs.org/@esbuild%2fdarwin-arm64 62ms (cache miss)
431 silly packumentCache full:https://registry.npmjs.org/@esbuild%2fdarwin-arm64 set size:undefined disposed:false
432 silly fetch manifest @esbuild/android-arm64@0.28.2
433 silly packumentCache full:https://registry.npmjs.org/@esbuild%2fandroid-arm64 cache-miss
434 http fetch GET 200 https://registry.npmjs.org/@esbuild%2fwin32-arm64 68ms (cache miss)
435 silly packumentCache full:https://registry.npmjs.org/@esbuild%2fwin32-arm64 set size:undefined disposed:false
436 silly fetch manifest @esbuild/freebsd-arm64@0.28.2
437 silly packumentCache full:https://registry.npmjs.org/@esbuild%2ffreebsd-arm64 cache-miss
438 http fetch GET 200 https://registry.npmjs.org/@esbuild%2fnetbsd-arm64 52ms (cache miss)
439 silly packumentCache full:https://registry.npmjs.org/@esbuild%2fnetbsd-arm64 set size:undefined disposed:false
440 silly fetch manifest @esbuild/linux-loong64@0.28.2
441 silly packumentCache full:https://registry.npmjs.org/@esbuild%2flinux-loong64 cache-miss
442 http fetch GET 200 https://registry.npmjs.org/@esbuild%2fdarwin-x64 401ms (cache miss)
443 silly packumentCache full:https://registry.npmjs.org/@esbuild%2fdarwin-x64 set size:undefined disposed:false
444 silly fetch manifest @esbuild/linux-riscv64@0.28.2
445 silly packumentCache full:https://registry.npmjs.org/@esbuild%2flinux-riscv64 cache-miss
446 http fetch GET 200 https://registry.npmjs.org/@esbuild%2ffreebsd-arm64 63ms (cache miss)
447 silly packumentCache full:https://registry.npmjs.org/@esbuild%2ffreebsd-arm64 set size:undefined disposed:false
448 silly fetch manifest @esbuild/openbsd-arm64@0.28.2
449 silly packumentCache full:https://registry.npmjs.org/@esbuild%2fopenbsd-arm64 cache-miss
450 http fetch GET 200 https://registry.npmjs.org/@esbuild%2flinux-loong64 63ms (cache miss)
451 silly packumentCache full:https://registry.npmjs.org/@esbuild%2flinux-loong64 set size:undefined disposed:false
452 silly fetch manifest @esbuild/linux-mips64el@0.28.2
453 silly packumentCache full:https://registry.npmjs.org/@esbuild%2flinux-mips64el cache-miss
454 http fetch GET 200 https://registry.npmjs.org/@esbuild%2fnetbsd-x64 369ms (cache miss)
455 silly packumentCache full:https://registry.npmjs.org/@esbuild%2fnetbsd-x64 set size:undefined disposed:false
456 silly fetch manifest @esbuild/openharmony-arm64@0.28.2
457 silly packumentCache full:https://registry.npmjs.org/@esbuild%2fopenharmony-arm64 cache-miss
458 http fetch GET 200 https://registry.npmjs.org/@esbuild%2ffreebsd-x64 361ms (cache miss)
459 silly packumentCache full:https://registry.npmjs.org/@esbuild%2ffreebsd-x64 set size:undefined disposed:false
460 silly fetch manifest nanoid@^3.3.17
461 silly packumentCache full:https://registry.npmjs.org/nanoid cache-miss
462 http fetch GET 200 https://registry.npmjs.org/@esbuild%2flinux-riscv64 56ms (cache miss)
463 silly packumentCache full:https://registry.npmjs.org/@esbuild%2flinux-riscv64 set size:undefined disposed:false
464 silly fetch manifest picocolors@^1.1.1
465 silly packumentCache full:https://registry.npmjs.org/picocolors cache-miss
466 http fetch GET 200 https://registry.npmjs.org/@esbuild%2fopenharmony-arm64 50ms (cache miss)
467 silly packumentCache full:https://registry.npmjs.org/@esbuild%2fopenharmony-arm64 set size:undefined disposed:false
468 silly fetch manifest source-map-js@^1.2.1
469 silly packumentCache full:https://registry.npmjs.org/source-map-js cache-miss
470 http fetch GET 200 https://registry.npmjs.org/nanoid 52ms (cache miss)
471 silly packumentCache full:https://registry.npmjs.org/nanoid set size:undefined disposed:false
472 silly fetch manifest @rollup/rollup-darwin-x64@4.62.4
473 silly packumentCache full:https://registry.npmjs.org/@rollup%2frollup-darwin-x64 cache-miss
474 http fetch GET 200 https://registry.npmjs.org/@esbuild%2flinux-s390x 374ms (cache miss)
475 silly packumentCache full:https://registry.npmjs.org/@esbuild%2flinux-s390x set size:undefined disposed:false
476 silly fetch manifest @rollup/rollup-freebsd-x64@4.62.4
477 silly packumentCache full:https://registry.npmjs.org/@rollup%2frollup-freebsd-x64 cache-miss
478 http fetch GET 200 https://registry.npmjs.org/picocolors 44ms (cache miss)
479 silly packumentCache full:https://registry.npmjs.org/picocolors set size:undefined disposed:false
480 silly fetch manifest @rollup/rollup-openbsd-x64@4.62.4
481 silly packumentCache full:https://registry.npmjs.org/@rollup%2frollup-openbsd-x64 cache-miss
482 http fetch GET 200 https://registry.npmjs.org/source-map-js 35ms (cache miss)
483 silly packumentCache full:https://registry.npmjs.org/source-map-js set size:undefined disposed:false
484 silly fetch manifest @napi-rs/lzma-linux-x64-gnu@1.5.1
485 silly packumentCache full:https://registry.npmjs.org/@napi-rs%2flzma-linux-x64-gnu cache-miss
486 http fetch GET 200 https://registry.npmjs.org/@rollup%2frollup-darwin-x64 59ms (cache miss)
487 silly packumentCache full:https://registry.npmjs.org/@rollup%2frollup-darwin-x64 set size:undefined disposed:false
488 silly fetch manifest @rollup/rollup-darwin-arm64@4.62.4
489 silly packumentCache full:https://registry.npmjs.org/@rollup%2frollup-darwin-arm64 cache-miss
490 http fetch GET 200 https://registry.npmjs.org/@napi-rs%2flzma-linux-x64-gnu 43ms (cache miss)
491 silly packumentCache full:https://registry.npmjs.org/@napi-rs%2flzma-linux-x64-gnu set size:undefined disposed:false
492 silly fetch manifest @rollup/rollup-android-arm64@4.62.4
493 silly packumentCache full:https://registry.npmjs.org/@rollup%2frollup-android-arm64 cache-miss
494 http fetch GET 200 https://registry.npmjs.org/@rollup%2frollup-freebsd-x64 57ms (cache miss)
495 silly packumentCache full:https://registry.npmjs.org/@rollup%2frollup-freebsd-x64 set size:undefined disposed:false
496 silly fetch manifest @rollup/rollup-freebsd-arm64@4.62.4
497 silly packumentCache full:https://registry.npmjs.org/@rollup%2frollup-freebsd-arm64 cache-miss
498 http fetch GET 200 https://registry.npmjs.org/@rollup%2frollup-openbsd-x64 52ms (cache miss)
499 silly packumentCache full:https://registry.npmjs.org/@rollup%2frollup-openbsd-x64 set size:undefined disposed:false
500 silly fetch manifest @rollup/rollup-linux-x64-gnu@4.62.4
501 silly packumentCache full:https://registry.npmjs.org/@rollup%2frollup-linux-x64-gnu cache-miss
502 http fetch GET 200 https://registry.npmjs.org/@rollup%2frollup-freebsd-arm64 49ms (cache miss)
503 silly packumentCache full:https://registry.npmjs.org/@rollup%2frollup-freebsd-arm64 set size:undefined disposed:false
504 silly fetch manifest @rollup/rollup-win32-x64-gnu@4.62.4
505 silly packumentCache full:https://registry.npmjs.org/@rollup%2frollup-win32-x64-gnu cache-miss
506 http fetch GET 200 https://registry.npmjs.org/@rollup%2frollup-android-arm64 54ms (cache miss)
507 silly packumentCache full:https://registry.npmjs.org/@rollup%2frollup-android-arm64 set size:undefined disposed:false
508 silly fetch manifest @rollup/rollup-linux-x64-musl@4.62.4
509 silly packumentCache full:https://registry.npmjs.org/@rollup%2frollup-linux-x64-musl cache-miss
510 http fetch GET 200 https://registry.npmjs.org/@esbuild%2flinux-mips64el 223ms (cache miss)
511 silly packumentCache full:https://registry.npmjs.org/@esbuild%2flinux-mips64el set size:undefined disposed:false
512 silly fetch manifest @rollup/rollup-win32-x64-msvc@4.62.4
513 silly packumentCache full:https://registry.npmjs.org/@rollup%2frollup-win32-x64-msvc cache-miss
514 http fetch GET 200 https://registry.npmjs.org/@rollup%2frollup-win32-x64-gnu 43ms (cache miss)
515 silly packumentCache full:https://registry.npmjs.org/@rollup%2frollup-win32-x64-gnu set size:undefined disposed:false
516 silly fetch manifest @rollup/rollup-linux-arm64-gnu@4.62.4
517 silly packumentCache full:https://registry.npmjs.org/@rollup%2frollup-linux-arm64-gnu cache-miss
518 http fetch GET 200 https://registry.npmjs.org/@rollup%2frollup-linux-x64-musl 55ms (cache miss)
519 silly packumentCache full:https://registry.npmjs.org/@rollup%2frollup-linux-x64-musl set size:undefined disposed:false
520 silly fetch manifest @rollup/rollup-linux-ppc64-gnu@4.62.4
521 silly packumentCache full:https://registry.npmjs.org/@rollup%2frollup-linux-ppc64-gnu cache-miss
522 http fetch GET 200 https://registry.npmjs.org/@rollup%2frollup-linux-ppc64-gnu 127ms (cache miss)
523 silly packumentCache full:https://registry.npmjs.org/@rollup%2frollup-linux-ppc64-gnu set size:undefined disposed:false
524 silly fetch manifest @rollup/rollup-linux-s390x-gnu@4.62.4
525 silly packumentCache full:https://registry.npmjs.org/@rollup%2frollup-linux-s390x-gnu cache-miss
526 http fetch GET 200 https://registry.npmjs.org/@esbuild%2fopenbsd-arm64 389ms (cache miss)
527 silly packumentCache full:https://registry.npmjs.org/@esbuild%2fopenbsd-arm64 set size:undefined disposed:false
528 silly fetch manifest @rollup/rollup-win32-ia32-msvc@4.62.4
529 silly packumentCache full:https://registry.npmjs.org/@rollup%2frollup-win32-ia32-msvc cache-miss
530 http fetch GET 200 https://registry.npmjs.org/@rollup%2frollup-linux-arm64-gnu 147ms (cache miss)
531 silly packumentCache full:https://registry.npmjs.org/@rollup%2frollup-linux-arm64-gnu set size:undefined disposed:false
532 silly fetch manifest @rollup/rollup-android-arm-eabi@4.62.4
533 silly packumentCache full:https://registry.npmjs.org/@rollup%2frollup-android-arm-eabi cache-miss
534 http fetch GET 200 https://registry.npmjs.org/@esbuild%2fandroid-arm64 459ms (cache miss)
535 silly packumentCache full:https://registry.npmjs.org/@esbuild%2fandroid-arm64 set size:undefined disposed:false
536 silly fetch manifest @rollup/rollup-linux-arm64-musl@4.62.4
537 silly packumentCache full:https://registry.npmjs.org/@rollup%2frollup-linux-arm64-musl cache-miss
538 http fetch GET 200 https://registry.npmjs.org/@rollup%2frollup-linux-s390x-gnu 50ms (cache miss)
539 silly packumentCache full:https://registry.npmjs.org/@rollup%2frollup-linux-s390x-gnu set size:undefined disposed:false
540 silly fetch manifest @rollup/rollup-linux-ppc64-musl@4.62.4
541 silly packumentCache full:https://registry.npmjs.org/@rollup%2frollup-linux-ppc64-musl cache-miss
542 http fetch GET 200 https://registry.npmjs.org/@rollup%2frollup-linux-arm64-musl 60ms (cache miss)
543 silly packumentCache full:https://registry.npmjs.org/@rollup%2frollup-linux-arm64-musl set size:undefined disposed:false
544 silly fetch manifest @rollup/rollup-win32-arm64-msvc@4.62.4
545 silly packumentCache full:https://registry.npmjs.org/@rollup%2frollup-win32-arm64-msvc cache-miss
546 http fetch GET 200 https://registry.npmjs.org/@rollup%2frollup-linux-ppc64-musl 42ms (cache miss)
547 silly packumentCache full:https://registry.npmjs.org/@rollup%2frollup-linux-ppc64-musl set size:undefined disposed:false
548 silly fetch manifest @rollup/rollup-linux-loong64-gnu@4.62.4
549 silly packumentCache full:https://registry.npmjs.org/@rollup%2frollup-linux-loong64-gnu cache-miss
550 http fetch GET 200 https://registry.npmjs.org/@rollup%2frollup-darwin-arm64 356ms (cache miss)
551 silly packumentCache full:https://registry.npmjs.org/@rollup%2frollup-darwin-arm64 set size:undefined disposed:false
552 silly fetch manifest @rollup/rollup-linux-riscv64-gnu@4.62.4
553 silly packumentCache full:https://registry.npmjs.org/@rollup%2frollup-linux-riscv64-gnu cache-miss
554 http fetch GET 200 https://registry.npmjs.org/@rollup%2frollup-win32-arm64-msvc 65ms (cache miss)
555 silly packumentCache full:https://registry.npmjs.org/@rollup%2frollup-win32-arm64-msvc set size:undefined disposed:false
556 silly fetch manifest @rollup/rollup-openharmony-arm64@4.62.4
557 silly packumentCache full:https://registry.npmjs.org/@rollup%2frollup-openharmony-arm64 cache-miss
558 http fetch GET 200 https://registry.npmjs.org/@rollup%2frollup-linux-riscv64-gnu 58ms (cache miss)
559 silly packumentCache full:https://registry.npmjs.org/@rollup%2frollup-linux-riscv64-gnu set size:undefined disposed:false
560 silly fetch manifest @rollup/rollup-linux-loong64-musl@4.62.4
561 silly packumentCache full:https://registry.npmjs.org/@rollup%2frollup-linux-loong64-musl cache-miss
562 http fetch GET 200 https://registry.npmjs.org/@rollup%2frollup-openharmony-arm64 53ms (cache miss)
563 silly packumentCache full:https://registry.npmjs.org/@rollup%2frollup-openharmony-arm64 set size:undefined disposed:false
564 silly fetch manifest @rollup/rollup-linux-riscv64-musl@4.62.4
565 silly packumentCache full:https://registry.npmjs.org/@rollup%2frollup-linux-riscv64-musl cache-miss
566 http fetch GET 200 https://registry.npmjs.org/@rollup%2frollup-linux-loong64-musl 50ms (cache miss)
567 silly packumentCache full:https://registry.npmjs.org/@rollup%2frollup-linux-loong64-musl set size:undefined disposed:false
568 silly fetch manifest @rollup/rollup-linux-arm-gnueabihf@4.62.4
569 silly packumentCache full:https://registry.npmjs.org/@rollup%2frollup-linux-arm-gnueabihf cache-miss
570 http fetch GET 200 https://registry.npmjs.org/@rollup%2frollup-linux-riscv64-musl 54ms (cache miss)
571 silly packumentCache full:https://registry.npmjs.org/@rollup%2frollup-linux-riscv64-musl set size:undefined disposed:false
572 silly fetch manifest @rollup/rollup-linux-arm-musleabihf@4.62.4
573 silly packumentCache full:https://registry.npmjs.org/@rollup%2frollup-linux-arm-musleabihf cache-miss
574 http fetch GET 200 https://registry.npmjs.org/@rollup%2frollup-linux-arm-musleabihf 72ms (cache miss)
575 silly packumentCache full:https://registry.npmjs.org/@rollup%2frollup-linux-arm-musleabihf set size:undefined disposed:false
576 http fetch GET 200 https://registry.npmjs.org/@rollup%2frollup-win32-ia32-msvc 379ms (cache miss)
577 silly packumentCache full:https://registry.npmjs.org/@rollup%2frollup-win32-ia32-msvc set size:undefined disposed:false
578 http fetch GET 200 https://registry.npmjs.org/@rollup%2frollup-android-arm-eabi 394ms (cache miss)
579 silly packumentCache full:https://registry.npmjs.org/@rollup%2frollup-android-arm-eabi set size:undefined disposed:false
580 http fetch GET 200 https://registry.npmjs.org/@rollup%2frollup-linux-x64-gnu 757ms (cache miss)
581 silly packumentCache full:https://registry.npmjs.org/@rollup%2frollup-linux-x64-gnu set size:undefined disposed:false
582 http fetch GET 200 https://registry.npmjs.org/@rollup%2frollup-win32-x64-msvc 703ms (cache miss)
583 silly packumentCache full:https://registry.npmjs.org/@rollup%2frollup-win32-x64-msvc set size:undefined disposed:false
584 http fetch GET 200 https://registry.npmjs.org/@rollup%2frollup-linux-arm-gnueabihf 362ms (cache miss)
585 silly packumentCache full:https://registry.npmjs.org/@rollup%2frollup-linux-arm-gnueabihf set size:undefined disposed:false
586 http fetch GET 200 https://registry.npmjs.org/@rollup%2frollup-linux-loong64-gnu 671ms (cache miss)
587 silly packumentCache full:https://registry.npmjs.org/@rollup%2frollup-linux-loong64-gnu set size:undefined disposed:false
588 silly placeDep ROOT @esbuild/aix-ppc64@0.28.2 OK for: esbuild@0.28.2 want: 0.28.2
589 silly placeDep ROOT @esbuild/android-arm@0.28.2 OK for: esbuild@0.28.2 want: 0.28.2
590 silly placeDep ROOT @esbuild/android-arm64@0.28.2 OK for: esbuild@0.28.2 want: 0.28.2
591 silly placeDep ROOT @esbuild/android-x64@0.28.2 OK for: esbuild@0.28.2 want: 0.28.2
592 silly placeDep ROOT @esbuild/darwin-arm64@0.28.2 OK for: esbuild@0.28.2 want: 0.28.2
593 silly placeDep ROOT @esbuild/darwin-x64@0.28.2 OK for: esbuild@0.28.2 want: 0.28.2
594 silly placeDep ROOT @esbuild/freebsd-arm64@0.28.2 OK for: esbuild@0.28.2 want: 0.28.2
595 silly placeDep ROOT @esbuild/freebsd-x64@0.28.2 OK for: esbuild@0.28.2 want: 0.28.2
596 silly placeDep ROOT @esbuild/linux-arm@0.28.2 OK for: esbuild@0.28.2 want: 0.28.2
597 silly placeDep ROOT @esbuild/linux-arm64@0.28.2 OK for: esbuild@0.28.2 want: 0.28.2
598 silly placeDep ROOT @esbuild/linux-ia32@0.28.2 OK for: esbuild@0.28.2 want: 0.28.2
599 silly placeDep ROOT @esbuild/linux-loong64@0.28.2 OK for: esbuild@0.28.2 want: 0.28.2
600 silly placeDep ROOT @esbuild/linux-mips64el@0.28.2 OK for: esbuild@0.28.2 want: 0.28.2
601 silly placeDep ROOT @esbuild/linux-ppc64@0.28.2 OK for: esbuild@0.28.2 want: 0.28.2
602 silly placeDep ROOT @esbuild/linux-riscv64@0.28.2 OK for: esbuild@0.28.2 want: 0.28.2
603 silly placeDep ROOT @esbuild/linux-s390x@0.28.2 OK for: esbuild@0.28.2 want: 0.28.2
604 silly placeDep ROOT @esbuild/linux-x64@0.28.2 OK for: esbuild@0.28.2 want: 0.28.2
605 silly placeDep ROOT @esbuild/netbsd-arm64@0.28.2 OK for: esbuild@0.28.2 want: 0.28.2
606 silly placeDep ROOT @esbuild/netbsd-x64@0.28.2 OK for: esbuild@0.28.2 want: 0.28.2
607 silly placeDep ROOT @esbuild/openbsd-arm64@0.28.2 OK for: esbuild@0.28.2 want: 0.28.2
608 silly placeDep ROOT @esbuild/openbsd-x64@0.28.2 OK for: esbuild@0.28.2 want: 0.28.2
609 silly placeDep ROOT @esbuild/openharmony-arm64@0.28.2 OK for: esbuild@0.28.2 want: 0.28.2
610 silly placeDep ROOT @esbuild/sunos-x64@0.28.2 OK for: esbuild@0.28.2 want: 0.28.2
611 silly placeDep ROOT @esbuild/win32-arm64@0.28.2 OK for: esbuild@0.28.2 want: 0.28.2
612 silly placeDep ROOT @esbuild/win32-ia32@0.28.2 OK for: esbuild@0.28.2 want: 0.28.2
613 silly placeDep ROOT @esbuild/win32-x64@0.28.2 OK for: esbuild@0.28.2 want: 0.28.2
614 silly placeDep ROOT nanoid@3.3.18 OK for: postcss@8.5.26 want: ^3.3.17
615 silly placeDep ROOT picocolors@1.1.1 OK for: postcss@8.5.26 want: ^1.1.1
616 silly placeDep ROOT source-map-js@1.2.1 OK for: postcss@8.5.26 want: ^1.2.1
617 silly placeDep ROOT @napi-rs/lzma-linux-x64-gnu@1.5.1 OK for: rollup@4.62.4 want: 1.5.1
618 silly placeDep ROOT @rollup/rollup-android-arm-eabi@4.62.4 OK for: rollup@4.62.4 want: 4.62.4
619 silly placeDep ROOT @rollup/rollup-android-arm64@4.62.4 OK for: rollup@4.62.4 want: 4.62.4
620 silly placeDep ROOT @rollup/rollup-darwin-arm64@4.62.4 OK for: rollup@4.62.4 want: 4.62.4
621 silly placeDep ROOT @rollup/rollup-darwin-x64@4.62.4 OK for: rollup@4.62.4 want: 4.62.4
622 silly placeDep ROOT @rollup/rollup-freebsd-arm64@4.62.4 OK for: rollup@4.62.4 want: 4.62.4
623 silly placeDep ROOT @rollup/rollup-freebsd-x64@4.62.4 OK for: rollup@4.62.4 want: 4.62.4
624 silly placeDep ROOT @rollup/rollup-linux-arm-gnueabihf@4.62.4 OK for: rollup@4.62.4 want: 4.62.4
625 silly placeDep ROOT @rollup/rollup-linux-arm-musleabihf@4.62.4 OK for: rollup@4.62.4 want: 4.62.4
626 silly placeDep ROOT @rollup/rollup-linux-arm64-gnu@4.62.4 OK for: rollup@4.62.4 want: 4.62.4
627 silly placeDep ROOT @rollup/rollup-linux-arm64-musl@4.62.4 OK for: rollup@4.62.4 want: 4.62.4
628 silly placeDep ROOT @rollup/rollup-linux-loong64-gnu@4.62.4 OK for: rollup@4.62.4 want: 4.62.4
629 silly placeDep ROOT @rollup/rollup-linux-loong64-musl@4.62.4 OK for: rollup@4.62.4 want: 4.62.4
630 silly placeDep ROOT @rollup/rollup-linux-ppc64-gnu@4.62.4 OK for: rollup@4.62.4 want: 4.62.4
631 silly placeDep ROOT @rollup/rollup-linux-ppc64-musl@4.62.4 OK for: rollup@4.62.4 want: 4.62.4
632 silly placeDep ROOT @rollup/rollup-linux-riscv64-gnu@4.62.4 OK for: rollup@4.62.4 want: 4.62.4
633 silly placeDep ROOT @rollup/rollup-linux-riscv64-musl@4.62.4 OK for: rollup@4.62.4 want: 4.62.4
634 silly placeDep ROOT @rollup/rollup-linux-s390x-gnu@4.62.4 OK for: rollup@4.62.4 want: 4.62.4
635 silly placeDep ROOT @rollup/rollup-linux-x64-gnu@4.62.4 OK for: rollup@4.62.4 want: 4.62.4
636 silly placeDep ROOT @rollup/rollup-linux-x64-musl@4.62.4 OK for: rollup@4.62.4 want: 4.62.4
637 silly placeDep ROOT @rollup/rollup-openbsd-x64@4.62.4 OK for: rollup@4.62.4 want: 4.62.4
638 silly placeDep ROOT @rollup/rollup-openharmony-arm64@4.62.4 OK for: rollup@4.62.4 want: 4.62.4
639 silly placeDep ROOT @rollup/rollup-win32-arm64-msvc@4.62.4 OK for: rollup@4.62.4 want: 4.62.4
640 silly placeDep ROOT @rollup/rollup-win32-ia32-msvc@4.62.4 OK for: rollup@4.62.4 want: 4.62.4
641 silly placeDep ROOT @rollup/rollup-win32-x64-gnu@4.62.4 OK for: rollup@4.62.4 want: 4.62.4
642 silly placeDep ROOT @rollup/rollup-win32-x64-msvc@4.62.4 OK for: rollup@4.62.4 want: 4.62.4
643 silly placeDep ROOT cac@6.7.14 OK for: vite-node@3.2.4 want: ^6.7.14
644 silly placeDep ROOT es-module-lexer@1.7.0 OK for: vite-node@3.2.4 want: ^1.7.0
645 silly placeDep ROOT siginfo@2.0.0 OK for: why-is-node-running@2.3.0 want: ^2.0.0
646 silly placeDep ROOT stackback@0.0.2 OK for: why-is-node-running@2.3.0 want: 0.0.2
647 silly fetch manifest @fastify/cors@^11.1.0
648 silly packumentCache full:https://registry.npmjs.org/@fastify%2fcors cache-miss
649 http fetch GET 200 https://registry.npmjs.org/@fastify%2fcors 54ms (cache miss)
650 silly packumentCache full:https://registry.npmjs.org/@fastify%2fcors set size:undefined disposed:false
651 silly fetch manifest fastify@^5.5.0
652 silly packumentCache full:https://registry.npmjs.org/fastify cache-miss
653 http fetch GET 200 https://registry.npmjs.org/fastify 68ms (cache miss)
654 silly packumentCache full:https://registry.npmjs.org/fastify set size:undefined disposed:false
655 silly fetch manifest playwright@^1.55.0
656 silly packumentCache full:https://registry.npmjs.org/playwright cache-miss
657 http cache https://registry.npmjs.org/playwright 17ms (cache hit)
658 silly packumentCache full:https://registry.npmjs.org/playwright set size:16647175 disposed:false
659 silly fetch manifest tsx@^4.20.4
660 silly packumentCache full:https://registry.npmjs.org/tsx cache-miss
661 http cache https://registry.npmjs.org/tsx 5ms (cache hit)
662 silly packumentCache full:https://registry.npmjs.org/tsx set size:341667 disposed:false
663 silly fetch manifest zod@^4.0.17
664 silly packumentCache full:https://registry.npmjs.org/zod cache-miss
665 http fetch GET 200 https://registry.npmjs.org/zod 125ms (cache miss)
666 silly packumentCache full:https://registry.npmjs.org/zod set size:undefined disposed:false
667 silly placeDep ROOT @fastify/cors@11.3.0 OK for: @resume-builder/render-service@0.1.0 want: ^11.1.0
668 silly placeDep ROOT fastify@5.12.1 OK for: @resume-builder/render-service@0.1.0 want: ^5.5.0
669 silly placeDep ROOT playwright@1.62.1 OK for: @resume-builder/render-service@0.1.0 want: ^1.55.0
670 silly placeDep ROOT tsx@4.23.12 OK for: @resume-builder/render-service@0.1.0 want: ^4.20.4
671 silly placeDep ROOT zod@4.4.3 OK for: @resume-builder/render-service@0.1.0 want: ^4.0.17
672 silly fetch manifest toad-cache@^3.7.0
673 silly packumentCache full:https://registry.npmjs.org/toad-cache cache-miss
674 silly fetch manifest fastify-plugin@^6.0.0
675 silly packumentCache full:https://registry.npmjs.org/fastify-plugin cache-miss
676 silly fetch manifest pino@^9.14.0 || ^10.1.0
677 silly packumentCache full:https://registry.npmjs.org/pino cache-miss
678 silly fetch manifest rfdc@^1.3.1
679 silly packumentCache full:https://registry.npmjs.org/rfdc cache-miss
680 silly fetch manifest avvio@^9.0.0
681 silly packumentCache full:https://registry.npmjs.org/avvio cache-miss
682 silly fetch manifest semver@^7.6.0
683 silly packumentCache full:https://registry.npmjs.org/semver cache-miss
684 silly fetch manifest toad-cache@^3.7.0
685 silly packumentCache full:https://registry.npmjs.org/toad-cache cache-miss
686 http fetch GET 200 https://registry.npmjs.org/rfdc 38ms (cache miss)
687 silly packumentCache full:https://registry.npmjs.org/rfdc set size:undefined disposed:false
688 silly fetch manifest find-my-way@^9.6.0
689 silly packumentCache full:https://registry.npmjs.org/find-my-way cache-miss
690 http fetch GET 200 https://registry.npmjs.org/avvio 48ms (cache miss)
691 silly packumentCache full:https://registry.npmjs.org/avvio set size:undefined disposed:false
692 silly fetch manifest @fastify/error@^4.0.0
693 silly packumentCache full:https://registry.npmjs.org/@fastify%2ferror cache-miss
694 http fetch GET 200 https://registry.npmjs.org/fastify-plugin 51ms (cache miss)
695 silly packumentCache full:https://registry.npmjs.org/fastify-plugin set size:undefined disposed:false
696 silly fetch manifest process-warning@^5.1.0
697 silly packumentCache full:https://registry.npmjs.org/process-warning cache-miss
698 http fetch GET 200 https://registry.npmjs.org/semver 53ms (cache miss)
699 silly packumentCache full:https://registry.npmjs.org/semver set size:undefined disposed:false
700 silly fetch manifest abstract-logging@^2.0.1
701 silly packumentCache full:https://registry.npmjs.org/abstract-logging cache-miss
702 http fetch GET 200 https://registry.npmjs.org/pino 73ms (cache miss)
703 silly packumentCache full:https://registry.npmjs.org/pino set size:undefined disposed:false
704 silly fetch manifest light-my-request@^6.0.0
705 silly packumentCache full:https://registry.npmjs.org/light-my-request cache-miss
706 http fetch GET 200 https://registry.npmjs.org/find-my-way 48ms (cache miss)
707 silly packumentCache full:https://registry.npmjs.org/find-my-way set size:undefined disposed:false
708 silly fetch manifest secure-json-parse@^4.0.0
709 silly packumentCache full:https://registry.npmjs.org/secure-json-parse cache-miss
710 http fetch GET 200 https://registry.npmjs.org/abstract-logging 45ms (cache miss)
711 silly packumentCache full:https://registry.npmjs.org/abstract-logging set size:undefined disposed:false
712 silly fetch manifest @fastify/proxy-addr@^5.0.0
713 silly packumentCache full:https://registry.npmjs.org/@fastify%2fproxy-addr cache-miss
714 http fetch GET 200 https://registry.npmjs.org/process-warning 51ms (cache miss)
715 silly packumentCache full:https://registry.npmjs.org/process-warning set size:undefined disposed:false
716 silly fetch manifest fast-json-stringify@^7.0.0
717 silly packumentCache full:https://registry.npmjs.org/fast-json-stringify cache-miss
718 http fetch GET 200 https://registry.npmjs.org/@fastify%2ferror 58ms (cache miss)
719 silly packumentCache full:https://registry.npmjs.org/@fastify%2ferror set size:undefined disposed:false
720 silly fetch manifest @fastify/ajv-compiler@^4.0.5
721 silly packumentCache full:https://registry.npmjs.org/@fastify%2fajv-compiler cache-miss
722 http fetch GET 200 https://registry.npmjs.org/secure-json-parse 37ms (cache miss)
723 silly packumentCache full:https://registry.npmjs.org/secure-json-parse set size:undefined disposed:false
724 silly fetch manifest @fastify/fast-json-stringify-compiler@^5.0.0
725 silly packumentCache full:https://registry.npmjs.org/@fastify%2ffast-json-stringify-compiler cache-miss
726 http fetch GET 200 https://registry.npmjs.org/light-my-request 49ms (cache miss)
727 silly packumentCache full:https://registry.npmjs.org/light-my-request set size:undefined disposed:false
728 silly fetch manifest playwright-core@1.62.1
729 silly packumentCache full:https://registry.npmjs.org/playwright-core cache-miss
730 http fetch GET 200 https://registry.npmjs.org/@fastify%2fproxy-addr 51ms (cache miss)
731 silly packumentCache full:https://registry.npmjs.org/@fastify%2fproxy-addr set size:undefined disposed:false
732 silly fetch manifest fsevents@2.3.2
733 silly packumentCache full:https://registry.npmjs.org/fsevents cache-miss
734 http cache https://registry.npmjs.org/fsevents 2ms (cache hit)
735 silly packumentCache full:https://registry.npmjs.org/fsevents set size:182472 disposed:false
736 http fetch GET 200 https://registry.npmjs.org/fast-json-stringify 61ms (cache miss)
737 silly packumentCache full:https://registry.npmjs.org/fast-json-stringify set size:undefined disposed:false
738 http fetch GET 200 https://registry.npmjs.org/@fastify%2ffast-json-stringify-compiler 45ms (cache miss)
739 silly packumentCache full:https://registry.npmjs.org/@fastify%2ffast-json-stringify-compiler set size:undefined disposed:false
740 http fetch GET 200 https://registry.npmjs.org/toad-cache 433ms (cache miss)
741 silly packumentCache full:https://registry.npmjs.org/toad-cache set size:undefined disposed:false
742 http fetch GET 200 https://registry.npmjs.org/toad-cache 438ms (cache miss)
743 silly packumentCache full:https://registry.npmjs.org/toad-cache set size:undefined disposed:false
744 http fetch GET 200 https://registry.npmjs.org/playwright-core 330ms (cache miss)
745 silly packumentCache full:https://registry.npmjs.org/playwright-core set size:undefined disposed:false
746 http fetch GET 200 https://registry.npmjs.org/@fastify%2fajv-compiler 396ms (cache miss)
747 silly packumentCache full:https://registry.npmjs.org/@fastify%2fajv-compiler set size:undefined disposed:false
748 silly fetch manifest @vitejs/plugin-react@^5.0.1
749 silly packumentCache full:https://registry.npmjs.org/@vitejs%2fplugin-react cache-miss
750 http fetch GET 200 https://registry.npmjs.org/@vitejs%2fplugin-react 60ms (cache miss)
751 silly packumentCache full:https://registry.npmjs.org/@vitejs%2fplugin-react set size:undefined disposed:false
752 silly fetch manifest vite@^7.1.3
753 silly packumentCache full:https://registry.npmjs.org/vite cache-miss
754 http cache https://registry.npmjs.org/vite 36ms (cache hit)
755 silly packumentCache full:https://registry.npmjs.org/vite set size:38929639 disposed:false
756 silly fetch manifest @types/node@^20.19.0 || >=22.12.0
757 silly packumentCache full:https://registry.npmjs.org/@types%2fnode cache-miss
758 http cache https://registry.npmjs.org/@types%2fnode 11ms (cache hit)
759 silly packumentCache full:https://registry.npmjs.org/@types%2fnode set size:11088606 disposed:false
760 silly fetch manifest react@^19.1.1
761 silly packumentCache full:https://registry.npmjs.org/react cache-miss
762 http fetch GET 200 https://registry.npmjs.org/react 223ms (cache miss)
763 silly packumentCache full:https://registry.npmjs.org/react set size:undefined disposed:false
764 silly fetch manifest react-dom@^19.1.1
765 silly packumentCache full:https://registry.npmjs.org/react-dom cache-miss
766 http fetch GET 200 https://registry.npmjs.org/react-dom 194ms (cache miss)
767 silly packumentCache full:https://registry.npmjs.org/react-dom set size:undefined disposed:false
768 silly fetch manifest lucide-react@^0.540.0
769 silly packumentCache full:https://registry.npmjs.org/lucide-react cache-miss
770 http fetch GET 200 https://registry.npmjs.org/lucide-react 89ms (cache miss)
771 silly packumentCache full:https://registry.npmjs.org/lucide-react set size:undefined disposed:false
772 silly fetch manifest @dnd-kit/core@^6.3.1
773 silly packumentCache full:https://registry.npmjs.org/@dnd-kit%2fcore cache-miss
774 http fetch GET 200 https://registry.npmjs.org/@dnd-kit%2fcore 118ms (cache miss)
775 silly packumentCache full:https://registry.npmjs.org/@dnd-kit%2fcore set size:undefined disposed:false
776 silly fetch manifest @dnd-kit/sortable@^10.0.0
777 silly packumentCache full:https://registry.npmjs.org/@dnd-kit%2fsortable cache-miss
778 http fetch GET 200 https://registry.npmjs.org/@dnd-kit%2fsortable 56ms (cache miss)
779 silly packumentCache full:https://registry.npmjs.org/@dnd-kit%2fsortable set size:undefined disposed:false
780 silly fetch manifest idb@^8.0.3
781 silly packumentCache full:https://registry.npmjs.org/idb cache-miss
782 http fetch GET 200 https://registry.npmjs.org/idb 47ms (cache miss)
783 silly packumentCache full:https://registry.npmjs.org/idb set size:undefined disposed:false
784 silly fetch manifest @types/react@^19.1.10
785 silly packumentCache full:https://registry.npmjs.org/@types%2freact cache-miss
786 http fetch GET 200 https://registry.npmjs.org/@types%2freact 95ms (cache miss)
787 silly packumentCache full:https://registry.npmjs.org/@types%2freact set size:undefined disposed:false
788 silly fetch manifest @types/react-dom@^19.1.7
789 silly packumentCache full:https://registry.npmjs.org/@types%2freact-dom cache-miss
790 http fetch GET 200 https://registry.npmjs.org/@types%2freact-dom 60ms (cache miss)
791 silly packumentCache full:https://registry.npmjs.org/@types%2freact-dom set size:undefined disposed:false
792 silly placeDep ROOT @dnd-kit/core@6.3.1 OK for: @resume-builder/web@0.1.0 want: ^6.3.1
793 silly placeDep ROOT react@19.2.8 OK for: @dnd-kit/core@6.3.1 want: >=16.8.0
794 silly placeDep ROOT react-dom@19.2.8 OK for: @dnd-kit/core@6.3.1 want: >=16.8.0
795 silly placeDep ROOT @dnd-kit/sortable@10.0.0 OK for: @resume-builder/web@0.1.0 want: ^10.0.0
796 silly placeDep ROOT @types/react@19.2.18 OK for: @resume-builder/web@0.1.0 want: ^19.1.10
797 silly placeDep ROOT @types/react-dom@19.2.4 OK for: @resume-builder/web@0.1.0 want: ^19.1.7
798 silly placeDep ROOT @vitejs/plugin-react@5.2.0 OK for: @resume-builder/web@0.1.0 want: ^5.0.1
799 silly placeDep ROOT idb@8.0.3 OK for: @resume-builder/web@0.1.0 want: ^8.0.3
800 silly placeDep ROOT lucide-react@0.540.0 OK for: @resume-builder/web@0.1.0 want: ^0.540.0
801 silly fetch manifest tslib@^2.0.0
802 silly packumentCache full:https://registry.npmjs.org/tslib cache-miss
803 silly fetch manifest @dnd-kit/accessibility@^3.1.1
804 silly packumentCache full:https://registry.npmjs.org/@dnd-kit%2faccessibility cache-miss
805 silly fetch manifest @dnd-kit/utilities@^3.2.2
806 silly packumentCache full:https://registry.npmjs.org/@dnd-kit%2futilities cache-miss
807 silly fetch manifest scheduler@^0.27.0
808 silly packumentCache full:https://registry.npmjs.org/scheduler cache-miss
809 silly fetch manifest @dnd-kit/utilities@^3.2.2
810 silly packumentCache full:https://registry.npmjs.org/@dnd-kit%2futilities cache-miss
811 silly fetch manifest tslib@^2.0.0
812 silly packumentCache full:https://registry.npmjs.org/tslib cache-miss
813 silly fetch manifest csstype@^3.2.2
814 silly packumentCache full:https://registry.npmjs.org/csstype cache-miss
815 http fetch GET 200 https://registry.npmjs.org/tslib 38ms (cache miss)
816 silly packumentCache full:https://registry.npmjs.org/tslib set size:undefined disposed:false
817 silly fetch manifest @babel/core@^7.29.0
818 silly packumentCache full:https://registry.npmjs.org/@babel%2fcore cache-miss
819 http fetch GET 200 https://registry.npmjs.org/tslib 46ms (cache miss)
820 silly packumentCache full:https://registry.npmjs.org/tslib set size:undefined disposed:false
821 silly fetch manifest react-refresh@^0.18.0
822 silly packumentCache full:https://registry.npmjs.org/react-refresh cache-miss
823 http fetch GET 200 https://registry.npmjs.org/csstype 54ms (cache miss)
824 silly packumentCache full:https://registry.npmjs.org/csstype set size:undefined disposed:false
825 silly fetch manifest @types/babel__core@^7.20.5
826 silly packumentCache full:https://registry.npmjs.org/@types%2fbabel__core cache-miss
827 http fetch GET 200 https://registry.npmjs.org/@babel%2fcore 61ms (cache miss)
828 silly packumentCache full:https://registry.npmjs.org/@babel%2fcore set size:undefined disposed:false
829 silly fetch manifest @rolldown/pluginutils@1.0.0-rc.3
830 silly packumentCache full:https://registry.npmjs.org/@rolldown%2fpluginutils cache-miss
831 http fetch GET 200 https://registry.npmjs.org/@types%2fbabel__core 53ms (cache miss)
832 silly packumentCache full:https://registry.npmjs.org/@types%2fbabel__core set size:undefined disposed:false
833 silly fetch manifest @babel/plugin-transform-react-jsx-self@^7.27.1
834 silly packumentCache full:https://registry.npmjs.org/@babel%2fplugin-transform-react-jsx-self cache-miss
835 http fetch GET 200 https://registry.npmjs.org/@rolldown%2fpluginutils 147ms (cache miss)
836 silly packumentCache full:https://registry.npmjs.org/@rolldown%2fpluginutils set size:undefined disposed:false
837 silly fetch manifest @babel/plugin-transform-react-jsx-source@^7.27.1
838 silly packumentCache full:https://registry.npmjs.org/@babel%2fplugin-transform-react-jsx-source cache-miss
839 http fetch GET 200 https://registry.npmjs.org/scheduler 255ms (cache miss)
840 silly packumentCache full:https://registry.npmjs.org/scheduler set size:undefined disposed:false
841 http fetch GET 200 https://registry.npmjs.org/react-refresh 236ms (cache miss)
842 silly packumentCache full:https://registry.npmjs.org/react-refresh set size:undefined disposed:false
843 http fetch GET 200 https://registry.npmjs.org/@babel%2fplugin-transform-react-jsx-source 50ms (cache miss)
844 silly packumentCache full:https://registry.npmjs.org/@babel%2fplugin-transform-react-jsx-source set size:undefined disposed:false
845 http fetch GET 200 https://registry.npmjs.org/@babel%2fplugin-transform-react-jsx-self 373ms (cache miss)
846 silly packumentCache full:https://registry.npmjs.org/@babel%2fplugin-transform-react-jsx-self set size:undefined disposed:false
847 http fetch GET 200 https://registry.npmjs.org/@dnd-kit%2faccessibility 764ms (cache miss)
848 silly packumentCache full:https://registry.npmjs.org/@dnd-kit%2faccessibility set size:undefined disposed:false
849 http fetch GET 200 https://registry.npmjs.org/@dnd-kit%2futilities 767ms (cache miss)
850 silly packumentCache full:https://registry.npmjs.org/@dnd-kit%2futilities set size:undefined disposed:false
851 http fetch GET 200 https://registry.npmjs.org/@dnd-kit%2futilities 769ms (cache miss)
852 silly packumentCache full:https://registry.npmjs.org/@dnd-kit%2futilities set size:undefined disposed:false
853 silly fetch manifest react@>=16.8.0
854 silly packumentCache full:https://registry.npmjs.org/react cache-miss
855 http cache https://registry.npmjs.org/react 13ms (cache hit)
856 silly packumentCache full:https://registry.npmjs.org/react set size:6897881 disposed:false
857 silly placeDep ROOT @dnd-kit/accessibility@3.1.1 OK for: @dnd-kit/core@6.3.1 want: ^3.1.1
858 silly placeDep ROOT @dnd-kit/utilities@3.2.2 OK for: @dnd-kit/core@6.3.1 want: ^3.2.2
859 silly placeDep ROOT tslib@2.8.1 OK for: @dnd-kit/core@6.3.1 want: ^2.0.0
860 silly placeDep ROOT fastify-plugin@6.0.0 OK for: @fastify/cors@11.3.0 want: ^6.0.0
861 silly placeDep ROOT toad-cache@3.7.4 OK for: @fastify/cors@11.3.0 want: ^3.7.0
862 silly placeDep ROOT csstype@3.2.3 OK for: @types/react@19.2.18 want: ^3.2.2
863 silly placeDep ROOT @babel/core@7.29.7 OK for: @vitejs/plugin-react@5.2.0 want: ^7.29.0
864 silly placeDep ROOT @babel/plugin-transform-react-jsx-self@7.29.7 OK for: @vitejs/plugin-react@5.2.0 want: ^7.27.1
865 silly placeDep ROOT @babel/plugin-transform-react-jsx-source@7.29.7 OK for: @vitejs/plugin-react@5.2.0 want: ^7.27.1
866 silly placeDep ROOT @rolldown/pluginutils@1.0.0-rc.3 OK for: @vitejs/plugin-react@5.2.0 want: 1.0.0-rc.3
867 silly placeDep ROOT @types/babel__core@7.20.5 OK for: @vitejs/plugin-react@5.2.0 want: ^7.20.5
868 silly placeDep ROOT react-refresh@0.18.0 OK for: @vitejs/plugin-react@5.2.0 want: ^0.18.0
869 silly fetch manifest json5@^2.2.3
870 silly packumentCache full:https://registry.npmjs.org/json5 cache-miss
871 silly fetch manifest semver@^6.3.1
872 silly packumentCache full:https://registry.npmjs.org/semver cache-miss
873 silly fetch manifest gensync@^1.0.0-beta.2
874 silly packumentCache full:https://registry.npmjs.org/gensync cache-miss
875 silly fetch manifest @babel/types@^7.29.7
876 silly packumentCache full:https://registry.npmjs.org/@babel%2ftypes cache-miss
877 silly fetch manifest @babel/parser@^7.29.7
878 silly packumentCache full:https://registry.npmjs.org/@babel%2fparser cache-miss
879 silly fetch manifest @babel/helpers@^7.29.7
880 silly packumentCache full:https://registry.npmjs.org/@babel%2fhelpers cache-miss
881 silly fetch manifest @babel/template@^7.29.7
882 silly packumentCache full:https://registry.npmjs.org/@babel%2ftemplate cache-miss
883 http cache https://registry.npmjs.org/semver 9ms (cache hit)
884 silly packumentCache full:https://registry.npmjs.org/semver set size:246069 disposed:false
885 silly fetch manifest @babel/traverse@^7.29.7
886 silly packumentCache full:https://registry.npmjs.org/@babel%2ftraverse cache-miss
887 http fetch GET 200 https://registry.npmjs.org/json5 45ms (cache miss)
888 silly packumentCache full:https://registry.npmjs.org/json5 set size:undefined disposed:false
889 silly fetch manifest @babel/generator@^7.29.7
890 silly packumentCache full:https://registry.npmjs.org/@babel%2fgenerator cache-miss
891 http fetch GET 200 https://registry.npmjs.org/gensync 46ms (cache miss)
892 silly packumentCache full:https://registry.npmjs.org/gensync set size:undefined disposed:false
893 silly fetch manifest @babel/code-frame@^7.29.7
894 silly packumentCache full:https://registry.npmjs.org/@babel%2fcode-frame cache-miss
895 http fetch GET 200 https://registry.npmjs.org/@babel%2ftemplate 61ms (cache miss)
896 silly packumentCache full:https://registry.npmjs.org/@babel%2ftemplate set size:undefined disposed:false
897 silly fetch manifest convert-source-map@^2.0.0
898 silly packumentCache full:https://registry.npmjs.org/convert-source-map cache-miss
899 http fetch GET 200 https://registry.npmjs.org/@babel%2fhelpers 64ms (cache miss)
900 silly packumentCache full:https://registry.npmjs.org/@babel%2fhelpers set size:undefined disposed:false
901 silly fetch manifest @jridgewell/remapping@^2.3.5
902 silly packumentCache full:https://registry.npmjs.org/@jridgewell%2fremapping cache-miss
903 http fetch GET 200 https://registry.npmjs.org/@babel%2ftypes 68ms (cache miss)
904 silly packumentCache full:https://registry.npmjs.org/@babel%2ftypes set size:undefined disposed:false
905 silly fetch manifest @babel/helper-module-transforms@^7.29.7
906 silly packumentCache full:https://registry.npmjs.org/@babel%2fhelper-module-transforms cache-miss
907 http fetch GET 200 https://registry.npmjs.org/@babel%2ftraverse 70ms (cache miss)
908 silly packumentCache full:https://registry.npmjs.org/@babel%2ftraverse set size:undefined disposed:false
909 silly fetch manifest @babel/helper-compilation-targets@^7.29.7
910 silly packumentCache full:https://registry.npmjs.org/@babel%2fhelper-compilation-targets cache-miss
911 http fetch GET 200 https://registry.npmjs.org/@babel%2fgenerator 49ms (cache miss)
912 silly packumentCache full:https://registry.npmjs.org/@babel%2fgenerator set size:undefined disposed:false
913 silly fetch manifest @babel/helper-plugin-utils@^7.29.7
914 silly packumentCache full:https://registry.npmjs.org/@babel%2fhelper-plugin-utils cache-miss
915 http fetch GET 200 https://registry.npmjs.org/@babel%2fcode-frame 51ms (cache miss)
916 silly packumentCache full:https://registry.npmjs.org/@babel%2fcode-frame set size:undefined disposed:false
917 silly fetch manifest @babel/helper-plugin-utils@^7.29.7
918 silly packumentCache full:https://registry.npmjs.org/@babel%2fhelper-plugin-utils cache-miss
919 http fetch GET 200 https://registry.npmjs.org/convert-source-map 44ms (cache miss)
920 silly packumentCache full:https://registry.npmjs.org/convert-source-map set size:undefined disposed:false
921 silly fetch manifest @babel/types@^7.20.7
922 silly packumentCache full:https://registry.npmjs.org/@babel%2ftypes cache-miss
923 http cache https://registry.npmjs.org/@babel%2ftypes 1ms (cache hit)
924 silly packumentCache full:https://registry.npmjs.org/@babel%2ftypes set size:502938 disposed:false
925 silly fetch manifest @babel/parser@^7.20.7
926 silly packumentCache full:https://registry.npmjs.org/@babel%2fparser cache-miss
927 http fetch GET 200 https://registry.npmjs.org/@jridgewell%2fremapping 52ms (cache miss)
928 silly packumentCache full:https://registry.npmjs.org/@jridgewell%2fremapping set size:undefined disposed:false
929 silly fetch manifest @types/babel__template@*
930 silly packumentCache full:https://registry.npmjs.org/@types%2fbabel__template cache-miss
931 http fetch GET 200 https://registry.npmjs.org/@babel%2fhelper-module-transforms 51ms (cache miss)
932 silly packumentCache full:https://registry.npmjs.org/@babel%2fhelper-module-transforms set size:undefined disposed:false
933 silly fetch manifest @types/babel__traverse@*
934 silly packumentCache full:https://registry.npmjs.org/@types%2fbabel__traverse cache-miss
935 http fetch GET 200 https://registry.npmjs.org/@babel%2fhelper-compilation-targets 54ms (cache miss)
936 silly packumentCache full:https://registry.npmjs.org/@babel%2fhelper-compilation-targets set size:undefined disposed:false
937 silly fetch manifest @types/babel__generator@*
938 silly packumentCache full:https://registry.npmjs.org/@types%2fbabel__generator cache-miss
939 http fetch GET 200 https://registry.npmjs.org/@types%2fbabel__template 44ms (cache miss)
940 silly packumentCache full:https://registry.npmjs.org/@types%2fbabel__template set size:undefined disposed:false
941 http fetch GET 200 https://registry.npmjs.org/@types%2fbabel__traverse 45ms (cache miss)
942 silly packumentCache full:https://registry.npmjs.org/@types%2fbabel__traverse set size:undefined disposed:false
943 http fetch GET 200 https://registry.npmjs.org/@types%2fbabel__generator 48ms (cache miss)
944 silly packumentCache full:https://registry.npmjs.org/@types%2fbabel__generator set size:undefined disposed:false
945 http fetch GET 200 https://registry.npmjs.org/@babel%2fparser 204ms (cache miss)
946 silly packumentCache full:https://registry.npmjs.org/@babel%2fparser set size:undefined disposed:false
947 http fetch GET 200 https://registry.npmjs.org/@babel%2fparser 98ms (cache miss)
948 silly packumentCache full:https://registry.npmjs.org/@babel%2fparser set size:undefined disposed:false
949 http fetch GET 200 https://registry.npmjs.org/@babel%2fhelper-plugin-utils 387ms (cache miss)
950 silly packumentCache full:https://registry.npmjs.org/@babel%2fhelper-plugin-utils set size:undefined disposed:false
951 http fetch GET 200 https://registry.npmjs.org/@babel%2fhelper-plugin-utils 387ms (cache miss)
952 silly packumentCache full:https://registry.npmjs.org/@babel%2fhelper-plugin-utils set size:undefined disposed:false
953 silly fetch manifest @babel/core@^7.0.0
954 silly packumentCache full:https://registry.npmjs.org/@babel%2fcore cache-miss
955 http cache https://registry.npmjs.org/@babel%2fcore 3ms (cache hit)
956 silly packumentCache full:https://registry.npmjs.org/@babel%2fcore set size:788273 disposed:false
957 silly placeDep ROOT @babel/code-frame@7.29.7 OK for: @babel/core@7.29.7 want: ^7.29.7
958 silly placeDep ROOT @babel/generator@7.29.8 OK for: @babel/core@7.29.7 want: ^7.29.7
959 silly placeDep ROOT @babel/helper-compilation-targets@7.29.7 OK for: @babel/core@7.29.7 want: ^7.29.7
960 silly placeDep ROOT @babel/helper-module-transforms@7.29.7 OK for: @babel/core@7.29.7 want: ^7.29.7
961 silly placeDep ROOT @babel/helpers@7.29.7 OK for: @babel/core@7.29.7 want: ^7.29.7
962 silly placeDep ROOT @babel/parser@7.29.8 OK for: @babel/core@7.29.7 want: ^7.29.7
963 silly placeDep ROOT @babel/template@7.29.7 OK for: @babel/core@7.29.7 want: ^7.29.7
964 silly placeDep ROOT @babel/traverse@7.29.8 OK for: @babel/core@7.29.7 want: ^7.29.7
965 silly placeDep ROOT @babel/types@7.29.8 OK for: @babel/core@7.29.7 want: ^7.29.7
966 silly placeDep ROOT @jridgewell/remapping@2.3.5 OK for: @babel/core@7.29.7 want: ^2.3.5
967 silly placeDep ROOT convert-source-map@2.0.0 OK for: @babel/core@7.29.7 want: ^2.0.0
968 silly placeDep ROOT gensync@1.0.0-beta.2 OK for: @babel/core@7.29.7 want: ^1.0.0-beta.2
969 silly placeDep ROOT json5@2.2.3 OK for: @babel/core@7.29.7 want: ^2.2.3
970 silly placeDep ROOT semver@6.3.1 OK for: @babel/core@7.29.7 want: ^6.3.1
971 silly fetch manifest js-tokens@^4.0.0
972 silly packumentCache full:https://registry.npmjs.org/js-tokens cache-miss
973 silly fetch manifest @babel/helper-validator-identifier@^7.29.7
974 silly packumentCache full:https://registry.npmjs.org/@babel%2fhelper-validator-identifier cache-miss
975 silly fetch manifest jsesc@^3.0.2
976 silly packumentCache full:https://registry.npmjs.org/jsesc cache-miss
977 silly fetch manifest @babel/types@^7.29.8
978 silly packumentCache full:https://registry.npmjs.org/@babel%2ftypes cache-hit
979 silly fetch manifest @babel/parser@^7.29.8
980 silly packumentCache full:https://registry.npmjs.org/@babel%2fparser cache-miss
981 silly fetch manifest @jridgewell/gen-mapping@^0.3.12
982 silly packumentCache full:https://registry.npmjs.org/@jridgewell%2fgen-mapping cache-miss
983 silly fetch manifest @jridgewell/trace-mapping@^0.3.28
984 silly packumentCache full:https://registry.npmjs.org/@jridgewell%2ftrace-mapping cache-miss
985 silly fetch manifest lru-cache@^5.1.1
986 silly packumentCache full:https://registry.npmjs.org/lru-cache cache-miss
987 http cache https://registry.npmjs.org/@babel%2fparser 7ms (cache hit)
988 silly packumentCache full:https://registry.npmjs.org/@babel%2fparser set size:737961 disposed:false
989 silly fetch manifest browserslist@^4.24.0
990 silly packumentCache full:https://registry.npmjs.org/browserslist cache-miss
991 http cache https://registry.npmjs.org/js-tokens 11ms (cache hit)
992 silly packumentCache full:https://registry.npmjs.org/js-tokens set size:41947 disposed:false
993 silly fetch manifest @babel/compat-data@^7.29.7
994 silly packumentCache full:https://registry.npmjs.org/@babel%2fcompat-data cache-miss
995 http fetch GET 200 https://registry.npmjs.org/jsesc 44ms (cache miss)
996 silly packumentCache full:https://registry.npmjs.org/jsesc set size:undefined disposed:false
997 silly fetch manifest @babel/helper-validator-option@^7.29.7
998 silly packumentCache full:https://registry.npmjs.org/@babel%2fhelper-validator-option cache-miss
999 http fetch GET 200 https://registry.npmjs.org/@babel%2fhelper-validator-identifier 50ms (cache miss)
1000 silly packumentCache full:https://registry.npmjs.org/@babel%2fhelper-validator-identifier set size:undefined disposed:false
1001 silly fetch manifest @babel/helper-module-imports@^7.29.7
1002 silly packumentCache full:https://registry.npmjs.org/@babel%2fhelper-module-imports cache-miss
1003 http fetch GET 200 https://registry.npmjs.org/lru-cache 61ms (cache miss)
1004 silly packumentCache full:https://registry.npmjs.org/lru-cache set size:undefined disposed:false
1005 silly fetch manifest @babel/helper-globals@^7.29.7
1006 silly packumentCache full:https://registry.npmjs.org/@babel%2fhelper-globals cache-miss
1007 http fetch GET 200 https://registry.npmjs.org/browserslist 57ms (cache miss)
1008 silly packumentCache full:https://registry.npmjs.org/browserslist set size:undefined disposed:false
1009 silly fetch manifest @babel/helper-string-parser@^7.29.7
1010 silly packumentCache full:https://registry.npmjs.org/@babel%2fhelper-string-parser cache-miss
1011 http fetch GET 200 https://registry.npmjs.org/@babel%2fhelper-validator-option 47ms (cache miss)
1012 silly packumentCache full:https://registry.npmjs.org/@babel%2fhelper-validator-option set size:undefined disposed:false
1013 silly fetch manifest @jridgewell/gen-mapping@^0.3.5
1014 silly packumentCache full:https://registry.npmjs.org/@jridgewell%2fgen-mapping cache-miss
1015 http fetch GET 200 https://registry.npmjs.org/@babel%2fhelper-module-imports 54ms (cache miss)
1016 silly packumentCache full:https://registry.npmjs.org/@babel%2fhelper-module-imports set size:undefined disposed:false
1017 silly fetch manifest @jridgewell/trace-mapping@^0.3.24
1018 silly packumentCache full:https://registry.npmjs.org/@jridgewell%2ftrace-mapping cache-miss
1019 http fetch GET 200 https://registry.npmjs.org/@babel%2fhelper-globals 41ms (cache miss)
1020 silly packumentCache full:https://registry.npmjs.org/@babel%2fhelper-globals set size:undefined disposed:false
1021 http fetch GET 200 https://registry.npmjs.org/@babel%2fhelper-string-parser 49ms (cache miss)
1022 silly packumentCache full:https://registry.npmjs.org/@babel%2fhelper-string-parser set size:undefined disposed:false
1023 http fetch GET 200 https://registry.npmjs.org/@babel%2fcompat-data 373ms (cache miss)
1024 silly packumentCache full:https://registry.npmjs.org/@babel%2fcompat-data set size:undefined disposed:false
1025 http fetch GET 200 https://registry.npmjs.org/@jridgewell%2fgen-mapping 387ms (cache miss)
1026 silly packumentCache full:https://registry.npmjs.org/@jridgewell%2fgen-mapping set size:undefined disposed:false
1027 http fetch GET 200 https://registry.npmjs.org/@jridgewell%2ftrace-mapping 375ms (cache miss)
1028 silly packumentCache full:https://registry.npmjs.org/@jridgewell%2ftrace-mapping set size:undefined disposed:false
1029 http fetch GET 200 https://registry.npmjs.org/@jridgewell%2fgen-mapping 483ms (cache miss)
1030 silly packumentCache full:https://registry.npmjs.org/@jridgewell%2fgen-mapping set size:undefined disposed:false
1031 http fetch GET 200 https://registry.npmjs.org/@jridgewell%2ftrace-mapping 484ms (cache miss)
1032 silly packumentCache full:https://registry.npmjs.org/@jridgewell%2ftrace-mapping set size:undefined disposed:false
1033 silly placeDep ROOT @babel/helper-validator-identifier@7.29.7 OK for: @babel/code-frame@7.29.7 want: ^7.29.7
1034 silly placeDep node_modules/@babel/code-frame js-tokens@4.0.0 OK for: @babel/code-frame@7.29.7 want: ^4.0.0
1035 silly placeDep ROOT @jridgewell/gen-mapping@0.3.13 OK for: @babel/generator@7.29.8 want: ^0.3.12
1036 silly placeDep ROOT @jridgewell/trace-mapping@0.3.31 OK for: @babel/generator@7.29.8 want: ^0.3.28
1037 silly placeDep ROOT jsesc@3.1.0 OK for: @babel/generator@7.29.8 want: ^3.0.2
1038 silly fetch manifest @jridgewell/resolve-uri@^3.1.0
1039 silly packumentCache full:https://registry.npmjs.org/@jridgewell%2fresolve-uri cache-miss
1040 http fetch GET 200 https://registry.npmjs.org/@jridgewell%2fresolve-uri 362ms (cache miss)
1041 silly packumentCache full:https://registry.npmjs.org/@jridgewell%2fresolve-uri set size:undefined disposed:false
1042 silly placeDep ROOT @babel/compat-data@7.29.7 OK for: @babel/helper-compilation-targets@7.29.7 want: ^7.29.7
1043 silly placeDep ROOT @babel/helper-validator-option@7.29.7 OK for: @babel/helper-compilation-targets@7.29.7 want: ^7.29.7
1044 silly placeDep ROOT browserslist@4.28.8 OK for: @babel/helper-compilation-targets@7.29.7 want: ^4.24.0
1045 silly placeDep ROOT lru-cache@5.1.1 OK for: @babel/helper-compilation-targets@7.29.7 want: ^5.1.1
1046 silly fetch manifest caniuse-lite@^1.0.30001809
1047 silly packumentCache full:https://registry.npmjs.org/caniuse-lite cache-miss
1048 silly fetch manifest node-releases@^2.0.53
1049 silly packumentCache full:https://registry.npmjs.org/node-releases cache-miss
1050 silly fetch manifest electron-to-chromium@^1.5.402
1051 silly packumentCache full:https://registry.npmjs.org/electron-to-chromium cache-miss
1052 silly fetch manifest update-browserslist-db@^1.3.0
1053 silly packumentCache full:https://registry.npmjs.org/update-browserslist-db cache-miss
1054 silly fetch manifest baseline-browser-mapping@^2.11.12
1055 silly packumentCache full:https://registry.npmjs.org/baseline-browser-mapping cache-miss
1056 silly fetch manifest yallist@^3.0.2
1057 silly packumentCache full:https://registry.npmjs.org/yallist cache-miss
1058 http fetch GET 200 https://registry.npmjs.org/update-browserslist-db 146ms (cache miss)
1059 silly packumentCache full:https://registry.npmjs.org/update-browserslist-db set size:undefined disposed:false
1060 http fetch GET 200 https://registry.npmjs.org/yallist 146ms (cache miss)
1061 silly packumentCache full:https://registry.npmjs.org/yallist set size:undefined disposed:false
1062 http fetch GET 200 https://registry.npmjs.org/baseline-browser-mapping 151ms (cache miss)
1063 silly packumentCache full:https://registry.npmjs.org/baseline-browser-mapping set size:undefined disposed:false
1064 http fetch GET 200 https://registry.npmjs.org/electron-to-chromium 271ms (cache miss)
1065 silly packumentCache full:https://registry.npmjs.org/electron-to-chromium set size:undefined disposed:false
1066 http fetch GET 200 https://registry.npmjs.org/node-releases 368ms (cache miss)
1067 silly packumentCache full:https://registry.npmjs.org/node-releases set size:undefined disposed:false
1068 http fetch GET 200 https://registry.npmjs.org/caniuse-lite 436ms (cache miss)
1069 silly packumentCache full:https://registry.npmjs.org/caniuse-lite set size:undefined disposed:false
1070 silly placeDep ROOT @babel/helper-module-imports@7.29.7 OK for: @babel/helper-module-transforms@7.29.7 want: ^7.29.7
1071 silly placeDep ROOT @babel/helper-plugin-utils@7.29.7 OK for: @babel/plugin-transform-react-jsx-self@7.29.7 want: ^7.29.7
1072 silly placeDep ROOT @babel/helper-globals@7.29.7 OK for: @babel/traverse@7.29.8 want: ^7.29.7
1073 silly placeDep ROOT @babel/helper-string-parser@7.29.7 OK for: @babel/types@7.29.8 want: ^7.29.7
1074 silly placeDep ROOT @jridgewell/resolve-uri@3.1.2 OK for: @jridgewell/trace-mapping@0.3.31 want: ^3.1.0
1075 silly placeDep ROOT @types/babel__generator@7.27.0 OK for: @types/babel__core@7.20.5 want: *
1076 silly placeDep ROOT @types/babel__template@7.4.4 OK for: @types/babel__core@7.20.5 want: *
1077 silly placeDep ROOT @types/babel__traverse@7.28.0 OK for: @types/babel__core@7.20.5 want: *
1078 silly fetch manifest browserslist@>= 4.21.0
1079 silly packumentCache full:https://registry.npmjs.org/browserslist cache-miss
1080 http cache https://registry.npmjs.org/browserslist 6ms (cache hit)
1081 silly packumentCache full:https://registry.npmjs.org/browserslist set size:518659 disposed:false
1082 silly placeDep ROOT baseline-browser-mapping@2.11.15 OK for: browserslist@4.28.8 want: ^2.11.12
1083 silly placeDep ROOT caniuse-lite@1.0.30001809 OK for: browserslist@4.28.8 want: ^1.0.30001809
1084 silly placeDep ROOT electron-to-chromium@1.5.411 OK for: browserslist@4.28.8 want: ^1.5.402
1085 silly placeDep ROOT node-releases@2.0.53 OK for: browserslist@4.28.8 want: ^2.0.53
1086 silly placeDep ROOT update-browserslist-db@1.3.1 OK for: browserslist@4.28.8 want: ^1.3.0
1087 silly fetch manifest escalade@^3.2.0
1088 silly packumentCache full:https://registry.npmjs.org/escalade cache-miss
1089 http fetch GET 200 https://registry.npmjs.org/escalade 39ms (cache miss)
1090 silly packumentCache full:https://registry.npmjs.org/escalade set size:undefined disposed:false
1091 silly placeDep ROOT @fastify/ajv-compiler@4.0.6 OK for: fastify@5.12.1 want: ^4.0.5
1092 silly placeDep ROOT @fastify/error@4.2.0 OK for: fastify@5.12.1 want: ^4.0.0
1093 silly placeDep ROOT @fastify/fast-json-stringify-compiler@5.1.0 OK for: fastify@5.12.1 want: ^5.0.0
1094 silly placeDep ROOT @fastify/proxy-addr@5.1.0 OK for: fastify@5.12.1 want: ^5.0.0
1095 silly placeDep ROOT abstract-logging@2.0.1 OK for: fastify@5.12.1 want: ^2.0.1
1096 silly placeDep ROOT avvio@9.3.0 OK for: fastify@5.12.1 want: ^9.0.0
1097 silly placeDep ROOT fast-json-stringify@7.0.1 OK for: fastify@5.12.1 want: ^7.0.0
1098 silly placeDep ROOT find-my-way@9.8.0 OK for: fastify@5.12.1 want: ^9.6.0
1099 silly placeDep ROOT light-my-request@6.6.0 OK for: fastify@5.12.1 want: ^6.0.0
1100 silly placeDep ROOT pino@10.3.1 OK for: fastify@5.12.1 want: ^9.14.0 || ^10.1.0
1101 silly placeDep ROOT process-warning@5.1.0 OK for: fastify@5.12.1 want: ^5.1.0
1102 silly placeDep ROOT rfdc@1.4.1 OK for: fastify@5.12.1 want: ^1.3.1
1103 silly placeDep ROOT secure-json-parse@4.1.0 OK for: fastify@5.12.1 want: ^4.0.0
1104 silly placeDep node_modules/fastify semver@7.8.5 OK for: fastify@5.12.1 want: ^7.6.0
1105 silly fetch manifest ajv@^8.12.0
1106 silly packumentCache full:https://registry.npmjs.org/ajv cache-miss
1107 silly fetch manifest fast-uri@^4.0.0
1108 silly packumentCache full:https://registry.npmjs.org/fast-uri cache-miss
1109 silly fetch manifest ajv-formats@^3.0.1
1110 silly packumentCache full:https://registry.npmjs.org/ajv-formats cache-miss
1111 silly fetch manifest ipaddr.js@^2.1.0
1112 silly packumentCache full:https://registry.npmjs.org/ipaddr.js cache-miss
1113 silly fetch manifest @fastify/forwarded@^3.0.0
1114 silly packumentCache full:https://registry.npmjs.org/@fastify%2fforwarded cache-miss
1115 silly fetch manifest fastq@^1.17.1
1116 silly packumentCache full:https://registry.npmjs.org/fastq cache-miss
1117 silly fetch manifest ajv@^8.12.0
1118 silly packumentCache full:https://registry.npmjs.org/ajv cache-miss
1119 http fetch GET 200 https://registry.npmjs.org/fast-uri 49ms (cache miss)
1120 silly packumentCache full:https://registry.npmjs.org/fast-uri set size:undefined disposed:false
1121 silly fetch manifest rfdc@^1.2.0
1122 silly packumentCache full:https://registry.npmjs.org/rfdc cache-miss
1123 http fetch GET 200 https://registry.npmjs.org/fastq 51ms (cache miss)
1124 silly packumentCache full:https://registry.npmjs.org/fastq set size:undefined disposed:false
1125 silly fetch manifest ajv-formats@^3.0.1
1126 silly packumentCache full:https://registry.npmjs.org/ajv-formats cache-miss
1127 http fetch GET 200 https://registry.npmjs.org/ajv-formats 53ms (cache miss)
1128 silly packumentCache full:https://registry.npmjs.org/ajv-formats set size:undefined disposed:false
1129 silly fetch manifest json-schema-ref-resolver@^3.0.0
1130 silly packumentCache full:https://registry.npmjs.org/json-schema-ref-resolver cache-miss
1131 http cache https://registry.npmjs.org/rfdc 6ms (cache hit)
1132 silly packumentCache full:https://registry.npmjs.org/rfdc set size:45382 disposed:false
1133 silly fetch manifest @fastify/merge-json-schemas@^0.2.0
1134 silly packumentCache full:https://registry.npmjs.org/@fastify%2fmerge-json-schemas cache-miss
1135 http cache https://registry.npmjs.org/ajv-formats 7ms (cache hit)
1136 silly packumentCache full:https://registry.npmjs.org/ajv-formats set size:141264 disposed:false
1137 silly fetch manifest safe-regex2@^5.0.0
1138 silly packumentCache full:https://registry.npmjs.org/safe-regex2 cache-miss
1139 http fetch GET 200 https://registry.npmjs.org/@fastify%2fforwarded 59ms (cache miss)
1140 silly packumentCache full:https://registry.npmjs.org/@fastify%2fforwarded set size:undefined disposed:false
1141 silly fetch manifest fast-deep-equal@^3.1.3
1142 silly packumentCache full:https://registry.npmjs.org/fast-deep-equal cache-miss
1143 http fetch GET 200 https://registry.npmjs.org/ajv 66ms (cache miss)
1144 silly packumentCache full:https://registry.npmjs.org/ajv set size:undefined disposed:false
1145 silly fetch manifest fast-querystring@^1.0.0
1146 silly packumentCache full:https://registry.npmjs.org/fast-querystring cache-miss
1147 http fetch GET 200 https://registry.npmjs.org/ajv 71ms (cache miss)
1148 silly packumentCache full:https://registry.npmjs.org/ajv set size:undefined disposed:false
1149 silly fetch manifest cookie@^1.0.1
1150 silly packumentCache full:https://registry.npmjs.org/cookie cache-miss
1151 http fetch GET 200 https://registry.npmjs.org/@fastify%2fmerge-json-schemas 101ms (cache miss)
1152 silly packumentCache full:https://registry.npmjs.org/@fastify%2fmerge-json-schemas set size:undefined disposed:false
1153 silly fetch manifest process-warning@^4.0.0
1154 silly packumentCache full:https://registry.npmjs.org/process-warning cache-miss
1155 http fetch GET 200 https://registry.npmjs.org/json-schema-ref-resolver 104ms (cache miss)
1156 silly packumentCache full:https://registry.npmjs.org/json-schema-ref-resolver set size:undefined disposed:false
1157 silly fetch manifest set-cookie-parser@^2.6.0
1158 silly packumentCache full:https://registry.npmjs.org/set-cookie-parser cache-miss
1159 http cache https://registry.npmjs.org/process-warning 3ms (cache hit)
1160 silly packumentCache full:https://registry.npmjs.org/process-warning set size:36826 disposed:false
1161 silly fetch manifest sonic-boom@^4.0.1
1162 silly packumentCache full:https://registry.npmjs.org/sonic-boom cache-miss
1163 http fetch GET 200 https://registry.npmjs.org/fast-querystring 114ms (cache miss)
1164 silly packumentCache full:https://registry.npmjs.org/fast-querystring set size:undefined disposed:false
1165 silly fetch manifest atomic-sleep@^1.0.0
1166 silly packumentCache full:https://registry.npmjs.org/atomic-sleep cache-miss
1167 http fetch GET 200 https://registry.npmjs.org/fast-deep-equal 137ms (cache miss)
1168 silly packumentCache full:https://registry.npmjs.org/fast-deep-equal set size:undefined disposed:false
1169 silly fetch manifest real-require@^0.2.0
1170 silly packumentCache full:https://registry.npmjs.org/real-require cache-miss
1171 http fetch GET 200 https://registry.npmjs.org/cookie 125ms (cache miss)
1172 silly packumentCache full:https://registry.npmjs.org/cookie set size:undefined disposed:false
1173 silly fetch manifest thread-stream@^4.0.0
1174 silly packumentCache full:https://registry.npmjs.org/thread-stream cache-miss
1175 http fetch GET 200 https://registry.npmjs.org/safe-regex2 142ms (cache miss)
1176 silly packumentCache full:https://registry.npmjs.org/safe-regex2 set size:undefined disposed:false
1177 silly fetch manifest @pinojs/redact@^0.4.0
1178 silly packumentCache full:https://registry.npmjs.org/@pinojs%2fredact cache-miss
1179 http fetch GET 200 https://registry.npmjs.org/set-cookie-parser 44ms (cache miss)
1180 silly packumentCache full:https://registry.npmjs.org/set-cookie-parser set size:undefined disposed:false
1181 silly fetch manifest process-warning@^5.0.0
1182 silly packumentCache full:https://registry.npmjs.org/process-warning cache-hit
1183 silly fetch manifest on-exit-leak-free@^2.1.0
1184 silly packumentCache full:https://registry.npmjs.org/on-exit-leak-free cache-miss
1185 http fetch GET 200 https://registry.npmjs.org/sonic-boom 48ms (cache miss)
1186 silly packumentCache full:https://registry.npmjs.org/sonic-boom set size:undefined disposed:false
1187 silly fetch manifest pino-std-serializers@^7.0.0
1188 silly packumentCache full:https://registry.npmjs.org/pino-std-serializers cache-miss
1189 http fetch GET 200 https://registry.npmjs.org/atomic-sleep 33ms (cache miss)
1190 silly packumentCache full:https://registry.npmjs.org/atomic-sleep set size:undefined disposed:false
1191 silly fetch manifest safe-stable-stringify@^2.3.1
1192 silly packumentCache full:https://registry.npmjs.org/safe-stable-stringify cache-miss
1193 http fetch GET 200 https://registry.npmjs.org/real-require 40ms (cache miss)
1194 silly packumentCache full:https://registry.npmjs.org/real-require set size:undefined disposed:false
1195 silly fetch manifest quick-format-unescaped@^4.0.3
1196 silly packumentCache full:https://registry.npmjs.org/quick-format-unescaped cache-miss
1197 http fetch GET 200 https://registry.npmjs.org/thread-stream 48ms (cache miss)
1198 silly packumentCache full:https://registry.npmjs.org/thread-stream set size:undefined disposed:false
1199 silly fetch manifest pino-abstract-transport@^3.0.0
1200 silly packumentCache full:https://registry.npmjs.org/pino-abstract-transport cache-miss
1201 http fetch GET 200 https://registry.npmjs.org/on-exit-leak-free 47ms (cache miss)
1202 silly packumentCache full:https://registry.npmjs.org/on-exit-leak-free set size:undefined disposed:false
1203 http fetch GET 200 https://registry.npmjs.org/safe-stable-stringify 36ms (cache miss)
1204 silly packumentCache full:https://registry.npmjs.org/safe-stable-stringify set size:undefined disposed:false
1205 http fetch GET 200 https://registry.npmjs.org/pino-std-serializers 44ms (cache miss)
1206 silly packumentCache full:https://registry.npmjs.org/pino-std-serializers set size:undefined disposed:false
1207 http fetch GET 200 https://registry.npmjs.org/@pinojs%2fredact 55ms (cache miss)
1208 silly packumentCache full:https://registry.npmjs.org/@pinojs%2fredact set size:undefined disposed:false
1209 http fetch GET 200 https://registry.npmjs.org/quick-format-unescaped 40ms (cache miss)
1210 silly packumentCache full:https://registry.npmjs.org/quick-format-unescaped set size:undefined disposed:false
1211 http fetch GET 200 https://registry.npmjs.org/pino-abstract-transport 43ms (cache miss)
1212 silly packumentCache full:https://registry.npmjs.org/pino-abstract-transport set size:undefined disposed:false
1213 http fetch GET 200 https://registry.npmjs.org/ipaddr.js 358ms (cache miss)
1214 silly packumentCache full:https://registry.npmjs.org/ipaddr.js set size:undefined disposed:false
1215 silly placeDep ROOT ajv@8.20.0 OK for: @fastify/ajv-compiler@4.0.6 want: ^8.12.0
1216 silly placeDep ROOT ajv-formats@3.0.1 OK for: @fastify/ajv-compiler@4.0.6 want: ^3.0.1
1217 silly placeDep ROOT fast-uri@4.1.2 OK for: @fastify/ajv-compiler@4.0.6 want: ^4.0.0
1218 silly fetch manifest fast-uri@^3.0.1
1219 silly packumentCache full:https://registry.npmjs.org/fast-uri cache-miss
1220 silly fetch manifest json-schema-traverse@^1.0.0
1221 silly packumentCache full:https://registry.npmjs.org/json-schema-traverse cache-miss
1222 silly fetch manifest require-from-string@^2.0.2
1223 silly packumentCache full:https://registry.npmjs.org/require-from-string cache-miss
1224 http cache https://registry.npmjs.org/fast-uri 2ms (cache hit)
1225 silly packumentCache full:https://registry.npmjs.org/fast-uri set size:91614 disposed:false
1226 http fetch GET 200 https://registry.npmjs.org/json-schema-traverse 41ms (cache miss)
1227 silly packumentCache full:https://registry.npmjs.org/json-schema-traverse set size:undefined disposed:false
1228 http fetch GET 200 https://registry.npmjs.org/require-from-string 45ms (cache miss)
1229 silly packumentCache full:https://registry.npmjs.org/require-from-string set size:undefined disposed:false
1230 silly placeDep ROOT @fastify/forwarded@3.0.2 OK for: @fastify/proxy-addr@5.1.0 want: ^3.0.0
1231 silly placeDep ROOT ipaddr.js@2.5.0 OK for: @fastify/proxy-addr@5.1.0 want: ^2.1.0
1232 silly placeDep ROOT fast-deep-equal@3.1.3 OK for: ajv@8.20.0 want: ^3.1.3
1233 silly placeDep node_modules/ajv fast-uri@3.1.5 OK for: ajv@8.20.0 want: ^3.0.1
1234 silly placeDep ROOT json-schema-traverse@1.0.0 OK for: ajv@8.20.0 want: ^1.0.0
1235 silly placeDep ROOT require-from-string@2.0.2 OK for: ajv@8.20.0 want: ^2.0.2
1236 silly placeDep ROOT fastq@1.20.1 OK for: avvio@9.3.0 want: ^1.17.1
1237 silly fetch manifest reusify@^1.0.4
1238 silly packumentCache full:https://registry.npmjs.org/reusify cache-miss
1239 http fetch GET 200 https://registry.npmjs.org/reusify 35ms (cache miss)
1240 silly packumentCache full:https://registry.npmjs.org/reusify set size:undefined disposed:false
1241 silly placeDep ROOT @fastify/merge-json-schemas@0.2.1 OK for: fast-json-stringify@7.0.1 want: ^0.2.0
1242 silly placeDep ROOT json-schema-ref-resolver@3.0.0 OK for: fast-json-stringify@7.0.1 want: ^3.0.0
1243 silly fetch manifest dequal@^2.0.3
1244 silly packumentCache full:https://registry.npmjs.org/dequal cache-miss
1245 silly fetch manifest dequal@^2.0.3
1246 silly packumentCache full:https://registry.npmjs.org/dequal cache-miss
1247 http fetch GET 200 https://registry.npmjs.org/dequal 45ms (cache miss)
1248 silly packumentCache full:https://registry.npmjs.org/dequal set size:undefined disposed:false
1249 http fetch GET 200 https://registry.npmjs.org/dequal 47ms (cache miss)
1250 silly packumentCache full:https://registry.npmjs.org/dequal set size:undefined disposed:false
1251 silly placeDep ROOT dequal@2.0.3 OK for: @fastify/merge-json-schemas@0.2.1 want: ^2.0.3
1252 silly placeDep ROOT reusify@1.1.0 OK for: fastq@1.20.1 want: ^1.0.4
1253 silly placeDep ROOT fast-querystring@1.1.2 OK for: find-my-way@9.8.0 want: ^1.0.0
1254 silly placeDep ROOT safe-regex2@5.1.1 OK for: find-my-way@9.8.0 want: ^5.0.0
1255 silly fetch manifest fast-decode-uri-component@^1.0.1
1256 silly packumentCache full:https://registry.npmjs.org/fast-decode-uri-component cache-miss
1257 silly fetch manifest ret@~0.5.0
1258 silly packumentCache full:https://registry.npmjs.org/ret cache-miss
1259 http fetch GET 200 https://registry.npmjs.org/fast-decode-uri-component 46ms (cache miss)
1260 silly packumentCache full:https://registry.npmjs.org/fast-decode-uri-component set size:undefined disposed:false
1261 http fetch GET 200 https://registry.npmjs.org/ret 47ms (cache miss)
1262 silly packumentCache full:https://registry.npmjs.org/ret set size:undefined disposed:false
1263 silly placeDep ROOT fast-decode-uri-component@1.0.1 OK for: fast-querystring@1.1.2 want: ^1.0.1
1264 silly placeDep ROOT cookie@1.1.1 OK for: light-my-request@6.6.0 want: ^1.0.1
1265 silly placeDep node_modules/light-my-request process-warning@4.0.1 OK for: light-my-request@6.6.0 want: ^4.0.0
1266 silly placeDep ROOT set-cookie-parser@2.7.2 OK for: light-my-request@6.6.0 want: ^2.6.0
1267 silly placeDep ROOT yallist@3.1.1 OK for: lru-cache@5.1.1 want: ^3.0.2
1268 silly placeDep ROOT @pinojs/redact@0.4.0 OK for: pino@10.3.1 want: ^0.4.0
1269 silly placeDep ROOT atomic-sleep@1.0.0 OK for: pino@10.3.1 want: ^1.0.0
1270 silly placeDep ROOT on-exit-leak-free@2.1.2 OK for: pino@10.3.1 want: ^2.1.0
1271 silly placeDep ROOT pino-abstract-transport@3.0.0 OK for: pino@10.3.1 want: ^3.0.0
1272 silly placeDep ROOT pino-std-serializers@7.1.0 OK for: pino@10.3.1 want: ^7.0.0
1273 silly placeDep ROOT quick-format-unescaped@4.0.4 OK for: pino@10.3.1 want: ^4.0.3
1274 silly placeDep ROOT real-require@0.2.0 OK for: pino@10.3.1 want: ^0.2.0
1275 silly placeDep ROOT safe-stable-stringify@2.5.0 OK for: pino@10.3.1 want: ^2.3.1
1276 silly placeDep ROOT sonic-boom@4.2.1 OK for: pino@10.3.1 want: ^4.0.1
1277 silly placeDep ROOT thread-stream@4.2.0 OK for: pino@10.3.1 want: ^4.0.0
1278 silly fetch manifest split2@^4.0.0
1279 silly packumentCache full:https://registry.npmjs.org/split2 cache-miss
1280 silly fetch manifest real-require@^1.0.0
1281 silly packumentCache full:https://registry.npmjs.org/real-require cache-miss
1282 http cache https://registry.npmjs.org/real-require 3ms (cache hit)
1283 silly packumentCache full:https://registry.npmjs.org/real-require set size:10846 disposed:false
1284 http fetch GET 200 https://registry.npmjs.org/split2 124ms (cache miss)
1285 silly packumentCache full:https://registry.npmjs.org/split2 set size:undefined disposed:false
1286 silly placeDep ROOT split2@4.2.0 OK for: pino-abstract-transport@3.0.0 want: ^4.0.0
1287 silly placeDep node_modules/playwright fsevents@2.3.2 OK for: playwright@1.62.1 want: 2.3.2
1288 silly placeDep ROOT playwright-core@1.62.1 OK for: playwright@1.62.1 want: 1.62.1
1289 silly placeDep ROOT scheduler@0.27.0 OK for: react-dom@19.2.8 want: ^0.27.0
1290 silly placeDep ROOT ret@0.5.0 OK for: safe-regex2@5.1.1 want: ~0.5.0
1291 silly placeDep node_modules/thread-stream real-require@1.0.0 OK for: thread-stream@4.2.0 want: ^1.0.0
1292 silly placeDep ROOT escalade@3.2.0 OK for: update-browserslist-db@1.3.1 want: ^3.2.0
1293 silly reify moves {}
1294 silly audit bulk request {
1294 silly audit   '@resume-builder/render-service': [ '0.1.0' ],
1294 silly audit   '@resume-builder/core': [ '0.1.0' ],
1294 silly audit   '@resume-builder/web': [ '0.1.0' ],
1294 silly audit   '@resume-builder/render': [ '0.1.0' ],
1294 silly audit   '@types/node': [ '24.13.3' ],
1294 silly audit   typescript: [ '5.9.3' ],
1294 silly audit   vitest: [ '3.2.7' ],
1294 silly audit   'undici-types': [ '7.18.2' ],
1294 silly audit   '@types/chai': [ '5.2.3' ],
1294 silly audit   '@vitest/expect': [ '3.2.7' ],
1294 silly audit   '@vitest/mocker': [ '3.2.7' ],
1294 silly audit   '@vitest/pretty-format': [ '3.2.7' ],
1294 silly audit   '@vitest/runner': [ '3.2.7' ],
1294 silly audit   '@vitest/snapshot': [ '3.2.7' ],
1294 silly audit   '@vitest/spy': [ '3.2.7' ],
1294 silly audit   '@vitest/utils': [ '3.2.7' ],
1294 silly audit   chai: [ '5.3.3' ],
1294 silly audit   debug: [ '4.4.3' ],
1294 silly audit   'expect-type': [ '1.4.0' ],
1294 silly audit   'magic-string': [ '0.30.21' ],
1294 silly audit   pathe: [ '2.0.3' ],
1294 silly audit   picomatch: [ '4.0.5' ],
1294 silly audit   'std-env': [ '3.10.0' ],
1294 silly audit   tinybench: [ '2.9.0' ],
1294 silly audit   tinyexec: [ '0.3.2' ],
1294 silly audit   tinyglobby: [ '0.2.17' ],
1294 silly audit   tinypool: [ '1.1.1' ],
1294 silly audit   tinyrainbow: [ '2.0.0' ],
1294 silly audit   vite: [ '7.3.6' ],
1294 silly audit   'vite-node': [ '3.2.4' ],
1294 silly audit   'why-is-node-running': [ '2.3.0' ],
1294 silly audit   '@types/deep-eql': [ '4.0.2' ],
1294 silly audit   'assertion-error': [ '2.0.1' ],
1294 silly audit   'estree-walker': [ '3.0.3' ],
1294 silly audit   'strip-literal': [ '3.1.0' ],
1294 silly audit   tinyspy: [ '4.0.4' ],
1294 silly audit   loupe: [ '3.2.1' ],
1294 silly audit   'check-error': [ '2.1.3' ],
1294 silly audit   'deep-eql': [ '5.0.2' ],
1294 silly audit   pathval: [ '2.0.1' ],
1294 silly audit   ms: [ '2.1.3' ],
1294 silly audit   '@types/estree': [ '1.0.9' ],
1294 silly audit   '@jridgewell/sourcemap-codec': [ '1.5.5' ],
1294 silly audit   'js-tokens': [ '9.0.1', '4.0.0' ],
1294 silly audit   fdir: [ '6.5.0' ],
1294 silly audit   esbuild: [ '0.28.2' ],
1294 silly audit   fsevents: [ '2.3.3', '2.3.2' ],
1294 silly audit   postcss: [ '8.5.26' ],
1294 silly audit   rollup: [ '4.62.4' ],
1294 silly audit   '@esbuild/aix-ppc64': [ '0.28.2' ],
1294 silly audit   '@esbuild/android-arm': [ '0.28.2' ],
1294 silly audit   '@esbuild/android-arm64': [ '0.28.2' ],
1294 silly audit   '@esbuild/android-x64': [ '0.28.2' ],
1294 silly audit   '@esbuild/darwin-arm64': [ '0.28.2' ],
1294 silly audit   '@esbuild/darwin-x64': [ '0.28.2' ],
1294 silly audit   '@esbuild/freebsd-arm64': [ '0.28.2' ],
1294 silly audit   '@esbuild/freebsd-x64': [ '0.28.2' ],
1294 silly audit   '@esbuild/linux-arm': [ '0.28.2' ],
1294 silly audit   '@esbuild/linux-arm64': [ '0.28.2' ],
1294 silly audit   '@esbuild/linux-ia32': [ '0.28.2' ],
1294 silly audit   '@esbuild/linux-loong64': [ '0.28.2' ],
1294 silly audit   '@esbuild/linux-mips64el': [ '0.28.2' ],
1294 silly audit   '@esbuild/linux-ppc64': [ '0.28.2' ],
1294 silly audit   '@esbuild/linux-riscv64': [ '0.28.2' ],
1294 silly audit   '@esbuild/linux-s390x': [ '0.28.2' ],
1294 silly audit   '@esbuild/linux-x64': [ '0.28.2' ],
1294 silly audit   '@esbuild/netbsd-arm64': [ '0.28.2' ],
1294 silly audit   '@esbuild/netbsd-x64': [ '0.28.2' ],
1294 silly audit   '@esbuild/openbsd-arm64': [ '0.28.2' ],
1294 silly audit   '@esbuild/openbsd-x64': [ '0.28.2' ],
1294 silly audit   '@esbuild/openharmony-arm64': [ '0.28.2' ],
1294 silly audit   '@esbuild/sunos-x64': [ '0.28.2' ],
1294 silly audit   '@esbuild/win32-arm64': [ '0.28.2' ],
1294 silly audit   '@esbuild/win32-ia32': [ '0.28.2' ],
1294 silly audit   '@esbuild/win32-x64': [ '0.28.2' ],
1294 silly audit   nanoid: [ '3.3.18' ],
1294 silly audit   picocolors: [ '1.1.1' ],
1294 silly audit   'source-map-js': [ '1.2.1' ],
1294 silly audit   '@napi-rs/lzma-linux-x64-gnu': [ '1.5.1' ],
1294 silly audit   '@rollup/rollup-android-arm-eabi': [ '4.62.4' ],
1294 silly audit   '@rollup/rollup-android-arm64': [ '4.62.4' ],
1294 silly audit   '@rollup/rollup-darwin-arm64': [ '4.62.4' ],
1294 silly audit   '@rollup/rollup-darwin-x64': [ '4.62.4' ],
1294 silly audit   '@rollup/rollup-freebsd-arm64': [ '4.62.4' ],
1294 silly audit   '@rollup/rollup-freebsd-x64': [ '4.62.4' ],
1294 silly audit   '@rollup/rollup-linux-arm-gnueabihf': [ '4.62.4' ],
1294 silly audit   '@rollup/rollup-linux-arm-musleabihf': [ '4.62.4' ],
1294 silly audit   '@rollup/rollup-linux-arm64-gnu': [ '4.62.4' ],
1294 silly audit   '@rollup/rollup-linux-arm64-musl': [ '4.62.4' ],
1294 silly audit   '@rollup/rollup-linux-loong64-gnu': [ '4.62.4' ],
1294 silly audit   '@rollup/rollup-linux-loong64-musl': [ '4.62.4' ],
1294 silly audit   '@rollup/rollup-linux-ppc64-gnu': [ '4.62.4' ],
1294 silly audit   '@rollup/rollup-linux-ppc64-musl': [ '4.62.4' ],
1294 silly audit   '@rollup/rollup-linux-riscv64-gnu': [ '4.62.4' ],
1294 silly audit   '@rollup/rollup-linux-riscv64-musl': [ '4.62.4' ],
1294 silly audit   '@rollup/rollup-linux-s390x-gnu': [ '4.62.4' ],
1294 silly audit   '@rollup/rollup-linux-x64-gnu': [ '4.62.4' ],
1294 silly audit   '@rollup/rollup-linux-x64-musl': [ '4.62.4' ],
1294 silly audit   '@rollup/rollup-openbsd-x64': [ '4.62.4' ],
1294 silly audit   '@rollup/rollup-openharmony-arm64': [ '4.62.4' ],
1294 silly audit   '@rollup/rollup-win32-arm64-msvc': [ '4.62.4' ],
1294 silly audit   '@rollup/rollup-win32-ia32-msvc': [ '4.62.4' ],
1294 silly audit   '@rollup/rollup-win32-x64-gnu': [ '4.62.4' ],
1294 silly audit   '@rollup/rollup-win32-x64-msvc': [ '4.62.4' ],
1294 silly audit   cac: [ '6.7.14' ],
1294 silly audit   'es-module-lexer': [ '1.7.0' ],
1294 silly audit   siginfo: [ '2.0.0' ],
1294 silly audit   stackback: [ '0.0.2' ],
1294 silly audit   '@fastify/cors': [ '11.3.0' ],
1294 silly audit   fastify: [ '5.12.1' ],
1294 silly audit   playwright: [ '1.62.1' ],
1294 silly audit   tsx: [ '4.23.12' ],
1294 silly audit   zod: [ '4.4.3' ],
1294 silly audit   '@dnd-kit/core': [ '6.3.1' ],
1294 silly audit   react: [ '19.2.8' ],
1294 silly audit   'react-dom': [ '19.2.8' ],
1294 silly audit   '@dnd-kit/sortable': [ '10.0.0' ],
1294 silly audit   '@types/react': [ '19.2.18' ],
1294 silly audit   '@types/react-dom': [ '19.2.4' ],
1294 silly audit   '@vitejs/plugin-react': [ '5.2.0' ],
1294 silly audit   idb: [ '8.0.3' ],
1294 silly audit   'lucide-react': [ '0.540.0' ],
1294 silly audit   '@dnd-kit/accessibility': [ '3.1.1' ],
1294 silly audit   '@dnd-kit/utilities': [ '3.2.2' ],
1294 silly audit   tslib: [ '2.8.1' ],
1294 silly audit   'fastify-plugin': [ '6.0.0' ],
1294 silly audit   'toad-cache': [ '3.7.4' ],
1294 silly audit   csstype: [ '3.2.3' ],
1294 silly audit   '@babel/core': [ '7.29.7' ],
1294 silly audit   '@babel/plugin-transform-react-jsx-self': [ '7.29.7' ],
1294 silly audit   '@babel/plugin-transform-react-jsx-source': [ '7.29.7' ],
1294 silly audit   '@rolldown/pluginutils': [ '1.0.0-rc.3' ],
1294 silly audit   '@types/babel__core': [ '7.20.5' ],
1294 silly audit   'react-refresh': [ '0.18.0' ],
1294 silly audit   '@babel/code-frame': [ '7.29.7' ],
1294 silly audit   '@babel/generator': [ '7.29.8' ],
1294 silly audit   '@babel/helper-compilation-targets': [ '7.29.7' ],
1294 silly audit   '@babel/helper-module-transforms': [ '7.29.7' ],
1294 silly audit   '@babel/helpers': [ '7.29.7' ],
1294 silly audit   '@babel/parser': [ '7.29.8' ],
1294 silly audit   '@babel/template': [ '7.29.7' ],
1294 silly audit   '@babel/traverse': [ '7.29.8' ],
1294 silly audit   '@babel/types': [ '7.29.8' ],
1294 silly audit   '@jridgewell/remapping': [ '2.3.5' ],
1294 silly audit   'convert-source-map': [ '2.0.0' ],
1294 silly audit   gensync: [ '1.0.0-beta.2' ],
1294 silly audit   json5: [ '2.2.3' ],
1294 silly audit   semver: [ '6.3.1', '7.8.5' ],
1294 silly audit   '@babel/helper-validator-identifier': [ '7.29.7' ],
1294 silly audit   '@jridgewell/gen-mapping': [ '0.3.13' ],
1294 silly audit   '@jridgewell/trace-mapping': [ '0.3.31' ],
1294 silly audit   jsesc: [ '3.1.0' ],
1294 silly audit   '@babel/compat-data': [ '7.29.7' ],
1294 silly audit   '@babel/helper-validator-option': [ '7.29.7' ],
1294 silly audit   browserslist: [ '4.28.8' ],
1294 silly audit   'lru-cache': [ '5.1.1' ],
1294 silly audit   '@babel/helper-module-imports': [ '7.29.7' ],
1294 silly audit   '@babel/helper-plugin-utils': [ '7.29.7' ],
1294 silly audit   '@babel/helper-globals': [ '7.29.7' ],
1294 silly audit   '@babel/helper-string-parser': [ '7.29.7' ],
1294 silly audit   '@jridgewell/resolve-uri': [ '3.1.2' ],
1294 silly audit   '@types/babel__generator': [ '7.27.0' ],
1294 silly audit   '@types/babel__template': [ '7.4.4' ],
1294 silly audit   '@types/babel__traverse': [ '7.28.0' ],
1294 silly audit   'baseline-browser-mapping': [ '2.11.15' ],
1294 silly audit   'caniuse-lite': [ '1.0.30001809' ],
1294 silly audit   'electron-to-chromium': [ '1.5.411' ],
1294 silly audit   'node-releases': [ '2.0.53' ],
1294 silly audit   'update-browserslist-db': [ '1.3.1' ],
1294 silly audit   '@fastify/ajv-compiler': [ '4.0.6' ],
1294 silly audit   '@fastify/error': [ '4.2.0' ],
1294 silly audit   '@fastify/fast-json-stringify-compiler': [ '5.1.0' ],
1294 silly audit   '@fastify/proxy-addr': [ '5.1.0' ],
1294 silly audit   'abstract-logging': [ '2.0.1' ],
1294 silly audit   avvio: [ '9.3.0' ],
1294 silly audit   'fast-json-stringify': [ '7.0.1' ],
1294 silly audit   'find-my-way': [ '9.8.0' ],
1294 silly audit   'light-my-request': [ '6.6.0' ],
1294 silly audit   pino: [ '10.3.1' ],
1294 silly audit   'process-warning': [ '5.1.0', '4.0.1' ],
1294 silly audit   rfdc: [ '1.4.1' ],
1294 silly audit   'secure-json-parse': [ '4.1.0' ],
1294 silly audit   ajv: [ '8.20.0' ],
1294 silly audit   'ajv-formats': [ '3.0.1' ],
1294 silly audit   'fast-uri': [ '4.1.2', '3.1.5' ],
1294 silly audit   '@fastify/forwarded': [ '3.0.2' ],
1294 silly audit   'ipaddr.js': [ '2.5.0' ],
1294 silly audit   'fast-deep-equal': [ '3.1.3' ],
1294 silly audit   'json-schema-traverse': [ '1.0.0' ],
1294 silly audit   'require-from-string': [ '2.0.2' ],
1294 silly audit   fastq: [ '1.20.1' ],
1294 silly audit   '@fastify/merge-json-schemas': [ '0.2.1' ],
1294 silly audit   'json-schema-ref-resolver': [ '3.0.0' ],
1294 silly audit   dequal: [ '2.0.3' ],
1294 silly audit   reusify: [ '1.1.0' ],
1294 silly audit   'fast-querystring': [ '1.1.2' ],
1294 silly audit   'safe-regex2': [ '5.1.1' ],
1294 silly audit   'fast-decode-uri-component': [ '1.0.1' ],
1294 silly audit   cookie: [ '1.1.1' ],
1294 silly audit   'set-cookie-parser': [ '2.7.2' ],
1294 silly audit   yallist: [ '3.1.1' ],
1294 silly audit   '@pinojs/redact': [ '0.4.0' ],
1294 silly audit   'atomic-sleep': [ '1.0.0' ],
1294 silly audit   'on-exit-leak-free': [ '2.1.2' ],
1294 silly audit   'pino-abstract-transport': [ '3.0.0' ],
1294 silly audit   'pino-std-serializers': [ '7.1.0' ],
1294 silly audit   'quick-format-unescaped': [ '4.0.4' ],
1294 silly audit   'real-require': [ '0.2.0', '1.0.0' ],
1294 silly audit   'safe-stable-stringify': [ '2.5.0' ],
1294 silly audit   'sonic-boom': [ '4.2.1' ],
1294 silly audit   'thread-stream': [ '4.2.0' ],
1294 silly audit   split2: [ '4.2.0' ],
1294 silly audit   'playwright-core': [ '1.62.1' ],
1294 silly audit   scheduler: [ '0.27.0' ],
1294 silly audit   ret: [ '0.5.0' ],
1294 silly audit   escalade: [ '3.2.0' ]
1294 silly audit }
1295 http cache escalade@https://registry.npmjs.org/escalade/-/escalade-3.2.0.tgz 0ms (cache hit)
1296 http cache thread-stream@https://registry.npmjs.org/thread-stream/-/thread-stream-4.2.0.tgz 0ms (cache hit)
1297 http cache playwright-core@https://registry.npmjs.org/playwright-core/-/playwright-core-1.62.1.tgz 0ms (cache hit)
1298 http cache safe-stable-stringify@https://registry.npmjs.org/safe-stable-stringify/-/safe-stable-stringify-2.5.0.tgz 0ms (cache hit)
1299 http cache real-require@https://registry.npmjs.org/real-require/-/real-require-0.2.0.tgz 0ms (cache hit)
1300 http cache ret@https://registry.npmjs.org/ret/-/ret-0.5.0.tgz 0ms (cache hit)
1301 http cache scheduler@https://registry.npmjs.org/scheduler/-/scheduler-0.27.0.tgz 0ms (cache hit)
1302 http cache split2@https://registry.npmjs.org/split2/-/split2-4.2.0.tgz 0ms (cache hit)
1303 http cache quick-format-unescaped@https://registry.npmjs.org/quick-format-unescaped/-/quick-format-unescaped-4.0.4.tgz 0ms (cache hit)
1304 http cache @pinojs/redact@https://registry.npmjs.org/@pinojs/redact/-/redact-0.4.0.tgz 0ms (cache hit)
1305 http cache sonic-boom@https://registry.npmjs.org/sonic-boom/-/sonic-boom-4.2.1.tgz 0ms (cache hit)
1306 http cache on-exit-leak-free@https://registry.npmjs.org/on-exit-leak-free/-/on-exit-leak-free-2.1.2.tgz 0ms (cache hit)
1307 http cache atomic-sleep@https://registry.npmjs.org/atomic-sleep/-/atomic-sleep-1.0.0.tgz 0ms (cache hit)
1308 http cache yallist@https://registry.npmjs.org/yallist/-/yallist-3.1.1.tgz 0ms (cache hit)
1309 http cache cookie@https://registry.npmjs.org/cookie/-/cookie-1.1.1.tgz 0ms (cache hit)
1310 http cache set-cookie-parser@https://registry.npmjs.org/set-cookie-parser/-/set-cookie-parser-2.7.2.tgz 0ms (cache hit)
1311 http cache pino-std-serializers@https://registry.npmjs.org/pino-std-serializers/-/pino-std-serializers-7.1.0.tgz 0ms (cache hit)
1312 http cache fast-decode-uri-component@https://registry.npmjs.org/fast-decode-uri-component/-/fast-decode-uri-component-1.0.1.tgz 0ms (cache hit)
1313 http cache safe-regex2@https://registry.npmjs.org/safe-regex2/-/safe-regex2-5.1.1.tgz 0ms (cache hit)
1314 http cache dequal@https://registry.npmjs.org/dequal/-/dequal-2.0.3.tgz 0ms (cache hit)
1315 http cache fast-querystring@https://registry.npmjs.org/fast-querystring/-/fast-querystring-1.1.2.tgz 0ms (cache hit)
1316 http cache @fastify/merge-json-schemas@https://registry.npmjs.org/@fastify/merge-json-schemas/-/merge-json-schemas-0.2.1.tgz 0ms (cache hit)
1317 http cache json-schema-ref-resolver@https://registry.npmjs.org/json-schema-ref-resolver/-/json-schema-ref-resolver-3.0.0.tgz 0ms (cache hit)
1318 http cache fastq@https://registry.npmjs.org/fastq/-/fastq-1.20.1.tgz 0ms (cache hit)
1319 http cache require-from-string@https://registry.npmjs.org/require-from-string/-/require-from-string-2.0.2.tgz 0ms (cache hit)
1320 http cache fast-deep-equal@https://registry.npmjs.org/fast-deep-equal/-/fast-deep-equal-3.1.3.tgz 0ms (cache hit)
1321 http cache @fastify/forwarded@https://registry.npmjs.org/@fastify/forwarded/-/forwarded-3.0.2.tgz 0ms (cache hit)
1322 http cache ipaddr.js@https://registry.npmjs.org/ipaddr.js/-/ipaddr.js-2.5.0.tgz 0ms (cache hit)
1323 http cache ajv-formats@https://registry.npmjs.org/ajv-formats/-/ajv-formats-3.0.1.tgz 0ms (cache hit)
1324 http cache ajv@https://registry.npmjs.org/ajv/-/ajv-8.20.0.tgz 0ms (cache hit)
1325 http cache secure-json-parse@https://registry.npmjs.org/secure-json-parse/-/secure-json-parse-4.1.0.tgz 0ms (cache hit)
1326 http cache rfdc@https://registry.npmjs.org/rfdc/-/rfdc-1.4.1.tgz 0ms (cache hit)
1327 http cache process-warning@https://registry.npmjs.org/process-warning/-/process-warning-5.1.0.tgz 0ms (cache hit)
1328 http cache reusify@https://registry.npmjs.org/reusify/-/reusify-1.1.0.tgz 0ms (cache hit)
1329 http cache pino@https://registry.npmjs.org/pino/-/pino-10.3.1.tgz 0ms (cache hit)
1330 http cache fast-uri@https://registry.npmjs.org/fast-uri/-/fast-uri-4.1.2.tgz 0ms (cache hit)
1331 http cache find-my-way@https://registry.npmjs.org/find-my-way/-/find-my-way-9.8.0.tgz 0ms (cache hit)
1332 http cache avvio@https://registry.npmjs.org/avvio/-/avvio-9.3.0.tgz 0ms (cache hit)
1333 http cache @fastify/proxy-addr@https://registry.npmjs.org/@fastify/proxy-addr/-/proxy-addr-5.1.0.tgz 0ms (cache hit)
1334 http cache light-my-request@https://registry.npmjs.org/light-my-request/-/light-my-request-6.6.0.tgz 0ms (cache hit)
1335 http cache json-schema-traverse@https://registry.npmjs.org/json-schema-traverse/-/json-schema-traverse-1.0.0.tgz 0ms (cache hit)
1336 http cache @fastify/ajv-compiler@https://registry.npmjs.org/@fastify/ajv-compiler/-/ajv-compiler-4.0.6.tgz 0ms (cache hit)
1337 http cache abstract-logging@https://registry.npmjs.org/abstract-logging/-/abstract-logging-2.0.1.tgz 0ms (cache hit)
1338 http cache fast-json-stringify@https://registry.npmjs.org/fast-json-stringify/-/fast-json-stringify-7.0.1.tgz 0ms (cache hit)
1339 http cache @fastify/fast-json-stringify-compiler@https://registry.npmjs.org/@fastify/fast-json-stringify-compiler/-/fast-json-stringify-compiler-5.1.0.tgz 0ms (cache hit)
1340 http cache update-browserslist-db@https://registry.npmjs.org/update-browserslist-db/-/update-browserslist-db-1.3.1.tgz 0ms (cache hit)
1341 http cache @fastify/error@https://registry.npmjs.org/@fastify/error/-/error-4.2.0.tgz 0ms (cache hit)
1342 http cache node-releases@https://registry.npmjs.org/node-releases/-/node-releases-2.0.53.tgz 0ms (cache hit)
1343 http cache caniuse-lite@https://registry.npmjs.org/caniuse-lite/-/caniuse-lite-1.0.30001809.tgz 0ms (cache hit)
1344 http cache @types/babel__traverse@https://registry.npmjs.org/@types/babel__traverse/-/babel__traverse-7.28.0.tgz 0ms (cache hit)
1345 http cache @types/babel__generator@https://registry.npmjs.org/@types/babel__generator/-/babel__generator-7.27.0.tgz 0ms (cache hit)
1346 http cache @types/babel__template@https://registry.npmjs.org/@types/babel__template/-/babel__template-7.4.4.tgz 0ms (cache hit)
1347 http cache electron-to-chromium@https://registry.npmjs.org/electron-to-chromium/-/electron-to-chromium-1.5.411.tgz 0ms (cache hit)
1348 http cache @jridgewell/resolve-uri@https://registry.npmjs.org/@jridgewell/resolve-uri/-/resolve-uri-3.1.2.tgz 0ms (cache hit)
1349 http cache baseline-browser-mapping@https://registry.npmjs.org/baseline-browser-mapping/-/baseline-browser-mapping-2.11.15.tgz 0ms (cache hit)
1350 http cache @babel/helper-module-imports@https://registry.npmjs.org/@babel/helper-module-imports/-/helper-module-imports-7.29.7.tgz 0ms (cache hit)
1351 http cache @babel/helper-string-parser@https://registry.npmjs.org/@babel/helper-string-parser/-/helper-string-parser-7.29.7.tgz 0ms (cache hit)
1352 http cache @babel/helper-plugin-utils@https://registry.npmjs.org/@babel/helper-plugin-utils/-/helper-plugin-utils-7.29.7.tgz 0ms (cache hit)
1353 http cache @babel/helper-globals@https://registry.npmjs.org/@babel/helper-globals/-/helper-globals-7.29.7.tgz 0ms (cache hit)
1354 http cache lru-cache@https://registry.npmjs.org/lru-cache/-/lru-cache-5.1.1.tgz 0ms (cache hit)
1355 http cache @jridgewell/trace-mapping@https://registry.npmjs.org/@jridgewell/trace-mapping/-/trace-mapping-0.3.31.tgz 0ms (cache hit)
1356 http cache @babel/compat-data@https://registry.npmjs.org/@babel/compat-data/-/compat-data-7.29.7.tgz 0ms (cache hit)
1357 http cache @babel/helper-validator-option@https://registry.npmjs.org/@babel/helper-validator-option/-/helper-validator-option-7.29.7.tgz 0ms (cache hit)
1358 http cache semver@https://registry.npmjs.org/semver/-/semver-6.3.1.tgz 0ms (cache hit)
1359 http cache @jridgewell/gen-mapping@https://registry.npmjs.org/@jridgewell/gen-mapping/-/gen-mapping-0.3.13.tgz 0ms (cache hit)
1360 http cache browserslist@https://registry.npmjs.org/browserslist/-/browserslist-4.28.8.tgz 0ms (cache hit)
1361 http cache jsesc@https://registry.npmjs.org/jsesc/-/jsesc-3.1.0.tgz 0ms (cache hit)
1362 http cache convert-source-map@https://registry.npmjs.org/convert-source-map/-/convert-source-map-2.0.0.tgz 0ms (cache hit)
1363 http cache gensync@https://registry.npmjs.org/gensync/-/gensync-1.0.0-beta.2.tgz 0ms (cache hit)
1364 http cache @jridgewell/remapping@https://registry.npmjs.org/@jridgewell/remapping/-/remapping-2.3.5.tgz 0ms (cache hit)
1365 http cache @babel/traverse@https://registry.npmjs.org/@babel/traverse/-/traverse-7.29.8.tgz 0ms (cache hit)
1366 http cache @babel/types@https://registry.npmjs.org/@babel/types/-/types-7.29.8.tgz 0ms (cache hit)
1367 http cache @babel/template@https://registry.npmjs.org/@babel/template/-/template-7.29.7.tgz 0ms (cache hit)
1368 http cache @babel/helpers@https://registry.npmjs.org/@babel/helpers/-/helpers-7.29.7.tgz 0ms (cache hit)
1369 http cache @babel/parser@https://registry.npmjs.org/@babel/parser/-/parser-7.29.8.tgz 0ms (cache hit)
1370 http cache json5@https://registry.npmjs.org/json5/-/json5-2.2.3.tgz 0ms (cache hit)
1371 http cache @babel/helper-validator-identifier@https://registry.npmjs.org/@babel/helper-validator-identifier/-/helper-validator-identifier-7.29.7.tgz 0ms (cache hit)
1372 http cache @babel/code-frame@https://registry.npmjs.org/@babel/code-frame/-/code-frame-7.29.7.tgz 0ms (cache hit)
1373 http cache @babel/helper-module-transforms@https://registry.npmjs.org/@babel/helper-module-transforms/-/helper-module-transforms-7.29.7.tgz 0ms (cache hit)
1374 http cache @babel/helper-compilation-targets@https://registry.npmjs.org/@babel/helper-compilation-targets/-/helper-compilation-targets-7.29.7.tgz 0ms (cache hit)
1375 http cache react-refresh@https://registry.npmjs.org/react-refresh/-/react-refresh-0.18.0.tgz 0ms (cache hit)
1376 http cache @types/babel__core@https://registry.npmjs.org/@types/babel__core/-/babel__core-7.20.5.tgz 0ms (cache hit)
1377 http cache @rolldown/pluginutils@https://registry.npmjs.org/@rolldown/pluginutils/-/pluginutils-1.0.0-rc.3.tgz 0ms (cache hit)
1378 http cache @babel/plugin-transform-react-jsx-source@https://registry.npmjs.org/@babel/plugin-transform-react-jsx-source/-/plugin-transform-react-jsx-source-7.29.7.tgz 0ms (cache hit)
1379 http cache @babel/core@https://registry.npmjs.org/@babel/core/-/core-7.29.7.tgz 0ms (cache hit)
1380 http cache csstype@https://registry.npmjs.org/csstype/-/csstype-3.2.3.tgz 0ms (cache hit)
1381 http cache @babel/generator@https://registry.npmjs.org/@babel/generator/-/generator-7.29.8.tgz 0ms (cache hit)
1382 http cache @babel/plugin-transform-react-jsx-self@https://registry.npmjs.org/@babel/plugin-transform-react-jsx-self/-/plugin-transform-react-jsx-self-7.29.7.tgz 0ms (cache hit)
1383 http cache @dnd-kit/utilities@https://registry.npmjs.org/@dnd-kit/utilities/-/utilities-3.2.2.tgz 0ms (cache hit)
1384 http cache toad-cache@https://registry.npmjs.org/toad-cache/-/toad-cache-3.7.4.tgz 0ms (cache hit)
1385 http cache fastify-plugin@https://registry.npmjs.org/fastify-plugin/-/fastify-plugin-6.0.0.tgz 0ms (cache hit)
1386 http cache tslib@https://registry.npmjs.org/tslib/-/tslib-2.8.1.tgz 0ms (cache hit)
1387 http cache @dnd-kit/accessibility@https://registry.npmjs.org/@dnd-kit/accessibility/-/accessibility-3.1.1.tgz 0ms (cache hit)
1388 http cache pino-abstract-transport@https://registry.npmjs.org/pino-abstract-transport/-/pino-abstract-transport-3.0.0.tgz 0ms (cache hit)
1389 http cache idb@https://registry.npmjs.org/idb/-/idb-8.0.3.tgz 0ms (cache hit)
1390 http cache lucide-react@https://registry.npmjs.org/lucide-react/-/lucide-react-0.540.0.tgz 0ms (cache hit)
1391 http cache @types/react@https://registry.npmjs.org/@types/react/-/react-19.2.18.tgz 0ms (cache hit)
1392 http cache react-dom@https://registry.npmjs.org/react-dom/-/react-dom-19.2.8.tgz 0ms (cache hit)
1393 http cache @types/react-dom@https://registry.npmjs.org/@types/react-dom/-/react-dom-19.2.4.tgz 0ms (cache hit)
1394 http cache @dnd-kit/sortable@https://registry.npmjs.org/@dnd-kit/sortable/-/sortable-10.0.0.tgz 0ms (cache hit)
1395 http cache @vitejs/plugin-react@https://registry.npmjs.org/@vitejs/plugin-react/-/plugin-react-5.2.0.tgz 0ms (cache hit)
1396 http cache @dnd-kit/core@https://registry.npmjs.org/@dnd-kit/core/-/core-6.3.1.tgz 0ms (cache hit)
1397 http cache fastify@https://registry.npmjs.org/fastify/-/fastify-5.12.1.tgz 0ms (cache hit)
1398 http cache tsx@https://registry.npmjs.org/tsx/-/tsx-4.23.12.tgz 0ms (cache hit)
1399 http cache playwright@https://registry.npmjs.org/playwright/-/playwright-1.62.1.tgz 0ms (cache hit)
1400 http cache stackback@https://registry.npmjs.org/stackback/-/stackback-0.0.2.tgz 0ms (cache hit)
1401 http cache zod@https://registry.npmjs.org/zod/-/zod-4.4.3.tgz 0ms (cache hit)
1402 http cache @fastify/cors@https://registry.npmjs.org/@fastify/cors/-/cors-11.3.0.tgz 0ms (cache hit)
1403 http cache siginfo@https://registry.npmjs.org/siginfo/-/siginfo-2.0.0.tgz 0ms (cache hit)
1404 http cache es-module-lexer@https://registry.npmjs.org/es-module-lexer/-/es-module-lexer-1.7.0.tgz 0ms (cache hit)
1405 http cache @rollup/rollup-darwin-arm64@https://registry.npmjs.org/@rollup/rollup-darwin-arm64/-/rollup-darwin-arm64-4.62.4.tgz 0ms (cache hit)
1406 http cache react@https://registry.npmjs.org/react/-/react-19.2.8.tgz 0ms (cache hit)
1407 http cache cac@https://registry.npmjs.org/cac/-/cac-6.7.14.tgz 0ms (cache hit)
1408 http cache source-map-js@https://registry.npmjs.org/source-map-js/-/source-map-js-1.2.1.tgz 0ms (cache hit)
1409 http cache postcss@https://registry.npmjs.org/postcss/-/postcss-8.5.26.tgz 0ms (cache hit)
1410 http cache nanoid@https://registry.npmjs.org/nanoid/-/nanoid-3.3.18.tgz 0ms (cache hit)
1411 http cache picocolors@https://registry.npmjs.org/picocolors/-/picocolors-1.1.1.tgz 0ms (cache hit)
1412 http cache @esbuild/darwin-arm64@https://registry.npmjs.org/@esbuild/darwin-arm64/-/darwin-arm64-0.28.2.tgz 0ms (cache hit)
1413 http cache rollup@https://registry.npmjs.org/rollup/-/rollup-4.62.4.tgz 0ms (cache hit)
1414 http cache fsevents@https://registry.npmjs.org/fsevents/-/fsevents-2.3.3.tgz 0ms (cache hit)
1415 http cache fdir@https://registry.npmjs.org/fdir/-/fdir-6.5.0.tgz 0ms (cache hit)
1416 http cache esbuild@https://registry.npmjs.org/esbuild/-/esbuild-0.28.2.tgz 0ms (cache hit)
1417 http cache ms@https://registry.npmjs.org/ms/-/ms-2.1.3.tgz 0ms (cache hit)
1418 http cache @jridgewell/sourcemap-codec@https://registry.npmjs.org/@jridgewell/sourcemap-codec/-/sourcemap-codec-1.5.5.tgz 0ms (cache hit)
1419 http cache @types/estree@https://registry.npmjs.org/@types/estree/-/estree-1.0.9.tgz 0ms (cache hit)
1420 http cache js-tokens@https://registry.npmjs.org/js-tokens/-/js-tokens-9.0.1.tgz 0ms (cache hit)
1421 http cache tinyspy@https://registry.npmjs.org/tinyspy/-/tinyspy-4.0.4.tgz 0ms (cache hit)
1422 http cache deep-eql@https://registry.npmjs.org/deep-eql/-/deep-eql-5.0.2.tgz 0ms (cache hit)
1423 http cache estree-walker@https://registry.npmjs.org/estree-walker/-/estree-walker-3.0.3.tgz 0ms (cache hit)
1424 http cache check-error@https://registry.npmjs.org/check-error/-/check-error-2.1.3.tgz 0ms (cache hit)
1425 http cache pathval@https://registry.npmjs.org/pathval/-/pathval-2.0.1.tgz 0ms (cache hit)
1426 http cache loupe@https://registry.npmjs.org/loupe/-/loupe-3.2.1.tgz 0ms (cache hit)
1427 http cache @types/deep-eql@https://registry.npmjs.org/@types/deep-eql/-/deep-eql-4.0.2.tgz 0ms (cache hit)
1428 http cache strip-literal@https://registry.npmjs.org/strip-literal/-/strip-literal-3.1.0.tgz 0ms (cache hit)
1429 http cache vite@https://registry.npmjs.org/vite/-/vite-7.3.6.tgz 0ms (cache hit)
1430 http cache assertion-error@https://registry.npmjs.org/assertion-error/-/assertion-error-2.0.1.tgz 0ms (cache hit)
1431 http cache tinyrainbow@https://registry.npmjs.org/tinyrainbow/-/tinyrainbow-2.0.0.tgz 0ms (cache hit)
1432 http cache tinybench@https://registry.npmjs.org/tinybench/-/tinybench-2.9.0.tgz 0ms (cache hit)
1433 http cache why-is-node-running@https://registry.npmjs.org/why-is-node-running/-/why-is-node-running-2.3.0.tgz 0ms (cache hit)
1434 http cache std-env@https://registry.npmjs.org/std-env/-/std-env-3.10.0.tgz 0ms (cache hit)
1435 http cache vite-node@https://registry.npmjs.org/vite-node/-/vite-node-3.2.4.tgz 0ms (cache hit)
1436 http cache tinyexec@https://registry.npmjs.org/tinyexec/-/tinyexec-0.3.2.tgz 0ms (cache hit)
1437 http cache tinyglobby@https://registry.npmjs.org/tinyglobby/-/tinyglobby-0.2.17.tgz 0ms (cache hit)
1438 http cache picomatch@https://registry.npmjs.org/picomatch/-/picomatch-4.0.5.tgz 0ms (cache hit)
1439 http cache pathe@https://registry.npmjs.org/pathe/-/pathe-2.0.3.tgz 0ms (cache hit)
1440 http cache tinypool@https://registry.npmjs.org/tinypool/-/tinypool-1.1.1.tgz 0ms (cache hit)
1441 http cache magic-string@https://registry.npmjs.org/magic-string/-/magic-string-0.30.21.tgz 0ms (cache hit)
1442 http cache chai@https://registry.npmjs.org/chai/-/chai-5.3.3.tgz 0ms (cache hit)
1443 http cache @vitest/spy@https://registry.npmjs.org/@vitest/spy/-/spy-3.2.7.tgz 0ms (cache hit)
1444 http cache expect-type@https://registry.npmjs.org/expect-type/-/expect-type-1.4.0.tgz 0ms (cache hit)
1445 http cache debug@https://registry.npmjs.org/debug/-/debug-4.4.3.tgz 0ms (cache hit)
1446 http cache @vitest/utils@https://registry.npmjs.org/@vitest/utils/-/utils-3.2.7.tgz 0ms (cache hit)
1447 http cache @vitest/pretty-format@https://registry.npmjs.org/@vitest/pretty-format/-/pretty-format-3.2.7.tgz 0ms (cache hit)
1448 http cache @vitest/runner@https://registry.npmjs.org/@vitest/runner/-/runner-3.2.7.tgz 0ms (cache hit)
1449 http cache @types/chai@https://registry.npmjs.org/@types/chai/-/chai-5.2.3.tgz 0ms (cache hit)
1450 http cache typescript@https://registry.npmjs.org/typescript/-/typescript-5.9.3.tgz 0ms (cache hit)
1451 http cache @vitest/snapshot@https://registry.npmjs.org/@vitest/snapshot/-/snapshot-3.2.7.tgz 0ms (cache hit)
1452 http cache vitest@https://registry.npmjs.org/vitest/-/vitest-3.2.7.tgz 0ms (cache hit)
1453 http cache @vitest/mocker@https://registry.npmjs.org/@vitest/mocker/-/mocker-3.2.7.tgz 0ms (cache hit)
1454 http cache @vitest/expect@https://registry.npmjs.org/@vitest/expect/-/expect-3.2.7.tgz 0ms (cache hit)
1455 http cache undici-types@https://registry.npmjs.org/undici-types/-/undici-types-7.18.2.tgz 0ms (cache hit)
1456 http cache fast-uri@https://registry.npmjs.org/fast-uri/-/fast-uri-3.1.5.tgz 0ms (cache hit)
1457 http cache fsevents@https://registry.npmjs.org/fsevents/-/fsevents-2.3.2.tgz 0ms (cache hit)
1458 http cache @types/node@https://registry.npmjs.org/@types/node/-/node-24.13.3.tgz 0ms (cache hit)
1459 http cache js-tokens@https://registry.npmjs.org/js-tokens/-/js-tokens-4.0.0.tgz 0ms (cache hit)
1460 http cache process-warning@https://registry.npmjs.org/process-warning/-/process-warning-4.0.1.tgz 0ms (cache hit)
1461 http cache semver@https://registry.npmjs.org/semver/-/semver-7.8.5.tgz 0ms (cache hit)
1462 http cache real-require@https://registry.npmjs.org/real-require/-/real-require-1.0.0.tgz 0ms (cache hit)
1463 silly tarball no local data for escalade@https://registry.npmjs.org/escalade/-/escalade-3.2.0.tgz. Extracting by manifest.
1464 silly tarball no local data for thread-stream@https://registry.npmjs.org/thread-stream/-/thread-stream-4.2.0.tgz. Extracting by manifest.
1465 silly tarball no local data for playwright-core@https://registry.npmjs.org/playwright-core/-/playwright-core-1.62.1.tgz. Extracting by manifest.
1466 silly tarball no local data for safe-stable-stringify@https://registry.npmjs.org/safe-stable-stringify/-/safe-stable-stringify-2.5.0.tgz. Extracting by manifest.
1467 silly tarball no local data for real-require@https://registry.npmjs.org/real-require/-/real-require-0.2.0.tgz. Extracting by manifest.
1468 silly tarball no local data for ret@https://registry.npmjs.org/ret/-/ret-0.5.0.tgz. Extracting by manifest.
1469 silly tarball no local data for scheduler@https://registry.npmjs.org/scheduler/-/scheduler-0.27.0.tgz. Extracting by manifest.
1470 silly tarball no local data for split2@https://registry.npmjs.org/split2/-/split2-4.2.0.tgz. Extracting by manifest.
1471 silly tarball no local data for quick-format-unescaped@https://registry.npmjs.org/quick-format-unescaped/-/quick-format-unescaped-4.0.4.tgz. Extracting by manifest.
1472 silly tarball no local data for @pinojs/redact@https://registry.npmjs.org/@pinojs/redact/-/redact-0.4.0.tgz. Extracting by manifest.
1473 silly tarball no local data for sonic-boom@https://registry.npmjs.org/sonic-boom/-/sonic-boom-4.2.1.tgz. Extracting by manifest.
1474 silly tarball no local data for on-exit-leak-free@https://registry.npmjs.org/on-exit-leak-free/-/on-exit-leak-free-2.1.2.tgz. Extracting by manifest.
1475 silly tarball no local data for atomic-sleep@https://registry.npmjs.org/atomic-sleep/-/atomic-sleep-1.0.0.tgz. Extracting by manifest.
1476 silly tarball no local data for yallist@https://registry.npmjs.org/yallist/-/yallist-3.1.1.tgz. Extracting by manifest.
1477 silly tarball no local data for cookie@https://registry.npmjs.org/cookie/-/cookie-1.1.1.tgz. Extracting by manifest.
1478 silly tarball no local data for set-cookie-parser@https://registry.npmjs.org/set-cookie-parser/-/set-cookie-parser-2.7.2.tgz. Extracting by manifest.
1479 silly tarball no local data for pino-std-serializers@https://registry.npmjs.org/pino-std-serializers/-/pino-std-serializers-7.1.0.tgz. Extracting by manifest.
1480 silly tarball no local data for fast-decode-uri-component@https://registry.npmjs.org/fast-decode-uri-component/-/fast-decode-uri-component-1.0.1.tgz. Extracting by manifest.
1481 silly tarball no local data for safe-regex2@https://registry.npmjs.org/safe-regex2/-/safe-regex2-5.1.1.tgz. Extracting by manifest.
1482 silly tarball no local data for dequal@https://registry.npmjs.org/dequal/-/dequal-2.0.3.tgz. Extracting by manifest.
1483 silly tarball no local data for fast-querystring@https://registry.npmjs.org/fast-querystring/-/fast-querystring-1.1.2.tgz. Extracting by manifest.
1484 silly tarball no local data for @fastify/merge-json-schemas@https://registry.npmjs.org/@fastify/merge-json-schemas/-/merge-json-schemas-0.2.1.tgz. Extracting by manifest.
1485 silly tarball no local data for json-schema-ref-resolver@https://registry.npmjs.org/json-schema-ref-resolver/-/json-schema-ref-resolver-3.0.0.tgz. Extracting by manifest.
1486 silly tarball no local data for fastq@https://registry.npmjs.org/fastq/-/fastq-1.20.1.tgz. Extracting by manifest.
1487 silly tarball no local data for require-from-string@https://registry.npmjs.org/require-from-string/-/require-from-string-2.0.2.tgz. Extracting by manifest.
1488 silly tarball no local data for fast-deep-equal@https://registry.npmjs.org/fast-deep-equal/-/fast-deep-equal-3.1.3.tgz. Extracting by manifest.
1489 silly tarball no local data for @fastify/forwarded@https://registry.npmjs.org/@fastify/forwarded/-/forwarded-3.0.2.tgz. Extracting by manifest.
1490 silly tarball no local data for ipaddr.js@https://registry.npmjs.org/ipaddr.js/-/ipaddr.js-2.5.0.tgz. Extracting by manifest.
1491 silly tarball no local data for ajv-formats@https://registry.npmjs.org/ajv-formats/-/ajv-formats-3.0.1.tgz. Extracting by manifest.
1492 silly tarball no local data for ajv@https://registry.npmjs.org/ajv/-/ajv-8.20.0.tgz. Extracting by manifest.
1493 silly tarball no local data for secure-json-parse@https://registry.npmjs.org/secure-json-parse/-/secure-json-parse-4.1.0.tgz. Extracting by manifest.
1494 silly tarball no local data for rfdc@https://registry.npmjs.org/rfdc/-/rfdc-1.4.1.tgz. Extracting by manifest.
1495 silly tarball no local data for process-warning@https://registry.npmjs.org/process-warning/-/process-warning-5.1.0.tgz. Extracting by manifest.
1496 silly tarball no local data for reusify@https://registry.npmjs.org/reusify/-/reusify-1.1.0.tgz. Extracting by manifest.
1497 silly tarball no local data for pino@https://registry.npmjs.org/pino/-/pino-10.3.1.tgz. Extracting by manifest.
1498 silly tarball no local data for fast-uri@https://registry.npmjs.org/fast-uri/-/fast-uri-4.1.2.tgz. Extracting by manifest.
1499 silly tarball no local data for find-my-way@https://registry.npmjs.org/find-my-way/-/find-my-way-9.8.0.tgz. Extracting by manifest.
1500 silly tarball no local data for avvio@https://registry.npmjs.org/avvio/-/avvio-9.3.0.tgz. Extracting by manifest.
1501 silly tarball no local data for @fastify/proxy-addr@https://registry.npmjs.org/@fastify/proxy-addr/-/proxy-addr-5.1.0.tgz. Extracting by manifest.
1502 silly tarball no local data for light-my-request@https://registry.npmjs.org/light-my-request/-/light-my-request-6.6.0.tgz. Extracting by manifest.
1503 silly tarball no local data for json-schema-traverse@https://registry.npmjs.org/json-schema-traverse/-/json-schema-traverse-1.0.0.tgz. Extracting by manifest.
1504 silly tarball no local data for @fastify/ajv-compiler@https://registry.npmjs.org/@fastify/ajv-compiler/-/ajv-compiler-4.0.6.tgz. Extracting by manifest.
1505 silly tarball no local data for abstract-logging@https://registry.npmjs.org/abstract-logging/-/abstract-logging-2.0.1.tgz. Extracting by manifest.
1506 silly tarball no local data for fast-json-stringify@https://registry.npmjs.org/fast-json-stringify/-/fast-json-stringify-7.0.1.tgz. Extracting by manifest.
1507 silly tarball no local data for @fastify/fast-json-stringify-compiler@https://registry.npmjs.org/@fastify/fast-json-stringify-compiler/-/fast-json-stringify-compiler-5.1.0.tgz. Extracting by manifest.
1508 silly tarball no local data for update-browserslist-db@https://registry.npmjs.org/update-browserslist-db/-/update-browserslist-db-1.3.1.tgz. Extracting by manifest.
1509 silly tarball no local data for @fastify/error@https://registry.npmjs.org/@fastify/error/-/error-4.2.0.tgz. Extracting by manifest.
1510 silly tarball no local data for node-releases@https://registry.npmjs.org/node-releases/-/node-releases-2.0.53.tgz. Extracting by manifest.
1511 silly tarball no local data for caniuse-lite@https://registry.npmjs.org/caniuse-lite/-/caniuse-lite-1.0.30001809.tgz. Extracting by manifest.
1512 silly tarball no local data for @types/babel__traverse@https://registry.npmjs.org/@types/babel__traverse/-/babel__traverse-7.28.0.tgz. Extracting by manifest.
1513 silly tarball no local data for @types/babel__generator@https://registry.npmjs.org/@types/babel__generator/-/babel__generator-7.27.0.tgz. Extracting by manifest.
1514 silly tarball no local data for @types/babel__template@https://registry.npmjs.org/@types/babel__template/-/babel__template-7.4.4.tgz. Extracting by manifest.
1515 silly tarball no local data for electron-to-chromium@https://registry.npmjs.org/electron-to-chromium/-/electron-to-chromium-1.5.411.tgz. Extracting by manifest.
1516 silly tarball no local data for @jridgewell/resolve-uri@https://registry.npmjs.org/@jridgewell/resolve-uri/-/resolve-uri-3.1.2.tgz. Extracting by manifest.
1517 silly tarball no local data for baseline-browser-mapping@https://registry.npmjs.org/baseline-browser-mapping/-/baseline-browser-mapping-2.11.15.tgz. Extracting by manifest.
1518 silly tarball no local data for @babel/helper-module-imports@https://registry.npmjs.org/@babel/helper-module-imports/-/helper-module-imports-7.29.7.tgz. Extracting by manifest.
1519 silly tarball no local data for @babel/helper-string-parser@https://registry.npmjs.org/@babel/helper-string-parser/-/helper-string-parser-7.29.7.tgz. Extracting by manifest.
1520 silly tarball no local data for @babel/helper-plugin-utils@https://registry.npmjs.org/@babel/helper-plugin-utils/-/helper-plugin-utils-7.29.7.tgz. Extracting by manifest.
1521 silly tarball no local data for @babel/helper-globals@https://registry.npmjs.org/@babel/helper-globals/-/helper-globals-7.29.7.tgz. Extracting by manifest.
1522 silly tarball no local data for lru-cache@https://registry.npmjs.org/lru-cache/-/lru-cache-5.1.1.tgz. Extracting by manifest.
1523 silly tarball no local data for @jridgewell/trace-mapping@https://registry.npmjs.org/@jridgewell/trace-mapping/-/trace-mapping-0.3.31.tgz. Extracting by manifest.
1524 silly tarball no local data for @babel/compat-data@https://registry.npmjs.org/@babel/compat-data/-/compat-data-7.29.7.tgz. Extracting by manifest.
1525 silly tarball no local data for @babel/helper-validator-option@https://registry.npmjs.org/@babel/helper-validator-option/-/helper-validator-option-7.29.7.tgz. Extracting by manifest.
1526 silly tarball no local data for semver@https://registry.npmjs.org/semver/-/semver-6.3.1.tgz. Extracting by manifest.
1527 silly tarball no local data for @jridgewell/gen-mapping@https://registry.npmjs.org/@jridgewell/gen-mapping/-/gen-mapping-0.3.13.tgz. Extracting by manifest.
1528 silly tarball no local data for browserslist@https://registry.npmjs.org/browserslist/-/browserslist-4.28.8.tgz. Extracting by manifest.
1529 silly tarball no local data for jsesc@https://registry.npmjs.org/jsesc/-/jsesc-3.1.0.tgz. Extracting by manifest.
1530 silly tarball no local data for convert-source-map@https://registry.npmjs.org/convert-source-map/-/convert-source-map-2.0.0.tgz. Extracting by manifest.
1531 silly tarball no local data for gensync@https://registry.npmjs.org/gensync/-/gensync-1.0.0-beta.2.tgz. Extracting by manifest.
1532 silly tarball no local data for @jridgewell/remapping@https://registry.npmjs.org/@jridgewell/remapping/-/remapping-2.3.5.tgz. Extracting by manifest.
1533 silly tarball no local data for @babel/traverse@https://registry.npmjs.org/@babel/traverse/-/traverse-7.29.8.tgz. Extracting by manifest.
1534 silly tarball no local data for @babel/types@https://registry.npmjs.org/@babel/types/-/types-7.29.8.tgz. Extracting by manifest.
1535 silly tarball no local data for @babel/template@https://registry.npmjs.org/@babel/template/-/template-7.29.7.tgz. Extracting by manifest.
1536 silly tarball no local data for @babel/helpers@https://registry.npmjs.org/@babel/helpers/-/helpers-7.29.7.tgz. Extracting by manifest.
1537 silly tarball no local data for @babel/parser@https://registry.npmjs.org/@babel/parser/-/parser-7.29.8.tgz. Extracting by manifest.
1538 silly tarball no local data for json5@https://registry.npmjs.org/json5/-/json5-2.2.3.tgz. Extracting by manifest.
1539 silly tarball no local data for @babel/helper-validator-identifier@https://registry.npmjs.org/@babel/helper-validator-identifier/-/helper-validator-identifier-7.29.7.tgz. Extracting by manifest.
1540 silly tarball no local data for @babel/code-frame@https://registry.npmjs.org/@babel/code-frame/-/code-frame-7.29.7.tgz. Extracting by manifest.
1541 silly tarball no local data for @babel/helper-module-transforms@https://registry.npmjs.org/@babel/helper-module-transforms/-/helper-module-transforms-7.29.7.tgz. Extracting by manifest.
1542 silly tarball no local data for @babel/helper-compilation-targets@https://registry.npmjs.org/@babel/helper-compilation-targets/-/helper-compilation-targets-7.29.7.tgz. Extracting by manifest.
1543 silly tarball no local data for react-refresh@https://registry.npmjs.org/react-refresh/-/react-refresh-0.18.0.tgz. Extracting by manifest.
1544 silly tarball no local data for @types/babel__core@https://registry.npmjs.org/@types/babel__core/-/babel__core-7.20.5.tgz. Extracting by manifest.
1545 silly tarball no local data for @rolldown/pluginutils@https://registry.npmjs.org/@rolldown/pluginutils/-/pluginutils-1.0.0-rc.3.tgz. Extracting by manifest.
1546 silly tarball no local data for @babel/plugin-transform-react-jsx-source@https://registry.npmjs.org/@babel/plugin-transform-react-jsx-source/-/plugin-transform-react-jsx-source-7.29.7.tgz. Extracting by manifest.
1547 silly tarball no local data for @babel/core@https://registry.npmjs.org/@babel/core/-/core-7.29.7.tgz. Extracting by manifest.
1548 silly tarball no local data for csstype@https://registry.npmjs.org/csstype/-/csstype-3.2.3.tgz. Extracting by manifest.
1549 silly tarball no local data for @babel/generator@https://registry.npmjs.org/@babel/generator/-/generator-7.29.8.tgz. Extracting by manifest.
1550 silly tarball no local data for @babel/plugin-transform-react-jsx-self@https://registry.npmjs.org/@babel/plugin-transform-react-jsx-self/-/plugin-transform-react-jsx-self-7.29.7.tgz. Extracting by manifest.
1551 silly tarball no local data for @dnd-kit/utilities@https://registry.npmjs.org/@dnd-kit/utilities/-/utilities-3.2.2.tgz. Extracting by manifest.
1552 silly tarball no local data for toad-cache@https://registry.npmjs.org/toad-cache/-/toad-cache-3.7.4.tgz. Extracting by manifest.
1553 silly tarball no local data for fastify-plugin@https://registry.npmjs.org/fastify-plugin/-/fastify-plugin-6.0.0.tgz. Extracting by manifest.
1554 silly tarball no local data for tslib@https://registry.npmjs.org/tslib/-/tslib-2.8.1.tgz. Extracting by manifest.
1555 silly tarball no local data for @dnd-kit/accessibility@https://registry.npmjs.org/@dnd-kit/accessibility/-/accessibility-3.1.1.tgz. Extracting by manifest.
1556 silly tarball no local data for pino-abstract-transport@https://registry.npmjs.org/pino-abstract-transport/-/pino-abstract-transport-3.0.0.tgz. Extracting by manifest.
1557 silly tarball no local data for idb@https://registry.npmjs.org/idb/-/idb-8.0.3.tgz. Extracting by manifest.
1558 silly tarball no local data for lucide-react@https://registry.npmjs.org/lucide-react/-/lucide-react-0.540.0.tgz. Extracting by manifest.
1559 silly tarball no local data for @types/react@https://registry.npmjs.org/@types/react/-/react-19.2.18.tgz. Extracting by manifest.
1560 silly tarball no local data for react-dom@https://registry.npmjs.org/react-dom/-/react-dom-19.2.8.tgz. Extracting by manifest.
1561 silly tarball no local data for @types/react-dom@https://registry.npmjs.org/@types/react-dom/-/react-dom-19.2.4.tgz. Extracting by manifest.
1562 silly tarball no local data for @dnd-kit/sortable@https://registry.npmjs.org/@dnd-kit/sortable/-/sortable-10.0.0.tgz. Extracting by manifest.
1563 silly tarball no local data for @vitejs/plugin-react@https://registry.npmjs.org/@vitejs/plugin-react/-/plugin-react-5.2.0.tgz. Extracting by manifest.
1564 silly tarball no local data for @dnd-kit/core@https://registry.npmjs.org/@dnd-kit/core/-/core-6.3.1.tgz. Extracting by manifest.
1565 silly tarball no local data for fastify@https://registry.npmjs.org/fastify/-/fastify-5.12.1.tgz. Extracting by manifest.
1566 silly tarball no local data for tsx@https://registry.npmjs.org/tsx/-/tsx-4.23.12.tgz. Extracting by manifest.
1567 silly tarball no local data for playwright@https://registry.npmjs.org/playwright/-/playwright-1.62.1.tgz. Extracting by manifest.
1568 silly tarball no local data for stackback@https://registry.npmjs.org/stackback/-/stackback-0.0.2.tgz. Extracting by manifest.
1569 silly tarball no local data for zod@https://registry.npmjs.org/zod/-/zod-4.4.3.tgz. Extracting by manifest.
1570 silly tarball no local data for @fastify/cors@https://registry.npmjs.org/@fastify/cors/-/cors-11.3.0.tgz. Extracting by manifest.
1571 silly tarball no local data for siginfo@https://registry.npmjs.org/siginfo/-/siginfo-2.0.0.tgz. Extracting by manifest.
1572 silly tarball no local data for es-module-lexer@https://registry.npmjs.org/es-module-lexer/-/es-module-lexer-1.7.0.tgz. Extracting by manifest.
1573 silly tarball no local data for @rollup/rollup-darwin-arm64@https://registry.npmjs.org/@rollup/rollup-darwin-arm64/-/rollup-darwin-arm64-4.62.4.tgz. Extracting by manifest.
1574 silly tarball no local data for react@https://registry.npmjs.org/react/-/react-19.2.8.tgz. Extracting by manifest.
1575 silly tarball no local data for cac@https://registry.npmjs.org/cac/-/cac-6.7.14.tgz. Extracting by manifest.
1576 silly tarball no local data for source-map-js@https://registry.npmjs.org/source-map-js/-/source-map-js-1.2.1.tgz. Extracting by manifest.
1577 silly tarball no local data for postcss@https://registry.npmjs.org/postcss/-/postcss-8.5.26.tgz. Extracting by manifest.
1578 silly tarball no local data for nanoid@https://registry.npmjs.org/nanoid/-/nanoid-3.3.18.tgz. Extracting by manifest.
1579 silly tarball no local data for picocolors@https://registry.npmjs.org/picocolors/-/picocolors-1.1.1.tgz. Extracting by manifest.
1580 silly tarball no local data for @esbuild/darwin-arm64@https://registry.npmjs.org/@esbuild/darwin-arm64/-/darwin-arm64-0.28.2.tgz. Extracting by manifest.
1581 silly tarball no local data for rollup@https://registry.npmjs.org/rollup/-/rollup-4.62.4.tgz. Extracting by manifest.
1582 silly tarball no local data for fsevents@https://registry.npmjs.org/fsevents/-/fsevents-2.3.3.tgz. Extracting by manifest.
1583 silly tarball no local data for fdir@https://registry.npmjs.org/fdir/-/fdir-6.5.0.tgz. Extracting by manifest.
1584 silly tarball no local data for esbuild@https://registry.npmjs.org/esbuild/-/esbuild-0.28.2.tgz. Extracting by manifest.
1585 silly tarball no local data for ms@https://registry.npmjs.org/ms/-/ms-2.1.3.tgz. Extracting by manifest.
1586 silly tarball no local data for @jridgewell/sourcemap-codec@https://registry.npmjs.org/@jridgewell/sourcemap-codec/-/sourcemap-codec-1.5.5.tgz. Extracting by manifest.
1587 silly tarball no local data for @types/estree@https://registry.npmjs.org/@types/estree/-/estree-1.0.9.tgz. Extracting by manifest.
1588 silly tarball no local data for js-tokens@https://registry.npmjs.org/js-tokens/-/js-tokens-9.0.1.tgz. Extracting by manifest.
1589 silly tarball no local data for tinyspy@https://registry.npmjs.org/tinyspy/-/tinyspy-4.0.4.tgz. Extracting by manifest.
1590 silly tarball no local data for deep-eql@https://registry.npmjs.org/deep-eql/-/deep-eql-5.0.2.tgz. Extracting by manifest.
1591 silly tarball no local data for check-error@https://registry.npmjs.org/check-error/-/check-error-2.1.3.tgz. Extracting by manifest.
1592 silly tarball no local data for estree-walker@https://registry.npmjs.org/estree-walker/-/estree-walker-3.0.3.tgz. Extracting by manifest.
1593 silly tarball no local data for pathval@https://registry.npmjs.org/pathval/-/pathval-2.0.1.tgz. Extracting by manifest.
1594 silly tarball no local data for loupe@https://registry.npmjs.org/loupe/-/loupe-3.2.1.tgz. Extracting by manifest.
1595 silly tarball no local data for @types/deep-eql@https://registry.npmjs.org/@types/deep-eql/-/deep-eql-4.0.2.tgz. Extracting by manifest.
1596 silly tarball no local data for strip-literal@https://registry.npmjs.org/strip-literal/-/strip-literal-3.1.0.tgz. Extracting by manifest.
1597 silly tarball no local data for vite@https://registry.npmjs.org/vite/-/vite-7.3.6.tgz. Extracting by manifest.
1598 silly tarball no local data for assertion-error@https://registry.npmjs.org/assertion-error/-/assertion-error-2.0.1.tgz. Extracting by manifest.
1599 silly tarball no local data for tinyrainbow@https://registry.npmjs.org/tinyrainbow/-/tinyrainbow-2.0.0.tgz. Extracting by manifest.
1600 silly tarball no local data for tinybench@https://registry.npmjs.org/tinybench/-/tinybench-2.9.0.tgz. Extracting by manifest.
1601 silly tarball no local data for why-is-node-running@https://registry.npmjs.org/why-is-node-running/-/why-is-node-running-2.3.0.tgz. Extracting by manifest.
1602 silly tarball no local data for std-env@https://registry.npmjs.org/std-env/-/std-env-3.10.0.tgz. Extracting by manifest.
1603 silly tarball no local data for vite-node@https://registry.npmjs.org/vite-node/-/vite-node-3.2.4.tgz. Extracting by manifest.
1604 silly tarball no local data for tinyexec@https://registry.npmjs.org/tinyexec/-/tinyexec-0.3.2.tgz. Extracting by manifest.
1605 silly tarball no local data for tinyglobby@https://registry.npmjs.org/tinyglobby/-/tinyglobby-0.2.17.tgz. Extracting by manifest.
1606 silly tarball no local data for picomatch@https://registry.npmjs.org/picomatch/-/picomatch-4.0.5.tgz. Extracting by manifest.
1607 silly tarball no local data for pathe@https://registry.npmjs.org/pathe/-/pathe-2.0.3.tgz. Extracting by manifest.
1608 silly tarball no local data for tinypool@https://registry.npmjs.org/tinypool/-/tinypool-1.1.1.tgz. Extracting by manifest.
1609 silly tarball no local data for magic-string@https://registry.npmjs.org/magic-string/-/magic-string-0.30.21.tgz. Extracting by manifest.
1610 silly tarball no local data for chai@https://registry.npmjs.org/chai/-/chai-5.3.3.tgz. Extracting by manifest.
1611 silly tarball no local data for @vitest/spy@https://registry.npmjs.org/@vitest/spy/-/spy-3.2.7.tgz. Extracting by manifest.
1612 silly tarball no local data for expect-type@https://registry.npmjs.org/expect-type/-/expect-type-1.4.0.tgz. Extracting by manifest.
1613 silly tarball no local data for debug@https://registry.npmjs.org/debug/-/debug-4.4.3.tgz. Extracting by manifest.
1614 silly tarball no local data for @vitest/utils@https://registry.npmjs.org/@vitest/utils/-/utils-3.2.7.tgz. Extracting by manifest.
1615 silly tarball no local data for @vitest/pretty-format@https://registry.npmjs.org/@vitest/pretty-format/-/pretty-format-3.2.7.tgz. Extracting by manifest.
1616 silly tarball no local data for @vitest/runner@https://registry.npmjs.org/@vitest/runner/-/runner-3.2.7.tgz. Extracting by manifest.
1617 silly tarball no local data for @types/chai@https://registry.npmjs.org/@types/chai/-/chai-5.2.3.tgz. Extracting by manifest.
1618 silly tarball no local data for typescript@https://registry.npmjs.org/typescript/-/typescript-5.9.3.tgz. Extracting by manifest.
1619 silly tarball no local data for @vitest/snapshot@https://registry.npmjs.org/@vitest/snapshot/-/snapshot-3.2.7.tgz. Extracting by manifest.
1620 silly tarball no local data for vitest@https://registry.npmjs.org/vitest/-/vitest-3.2.7.tgz. Extracting by manifest.
1621 silly tarball no local data for @vitest/mocker@https://registry.npmjs.org/@vitest/mocker/-/mocker-3.2.7.tgz. Extracting by manifest.
1622 silly tarball no local data for @vitest/expect@https://registry.npmjs.org/@vitest/expect/-/expect-3.2.7.tgz. Extracting by manifest.
1623 silly tarball no local data for undici-types@https://registry.npmjs.org/undici-types/-/undici-types-7.18.2.tgz. Extracting by manifest.
1624 silly tarball no local data for fast-uri@https://registry.npmjs.org/fast-uri/-/fast-uri-3.1.5.tgz. Extracting by manifest.
1625 silly tarball no local data for fsevents@https://registry.npmjs.org/fsevents/-/fsevents-2.3.2.tgz. Extracting by manifest.
1626 silly tarball no local data for @types/node@https://registry.npmjs.org/@types/node/-/node-24.13.3.tgz. Extracting by manifest.
1627 silly tarball no local data for js-tokens@https://registry.npmjs.org/js-tokens/-/js-tokens-4.0.0.tgz. Extracting by manifest.
1628 silly tarball no local data for process-warning@https://registry.npmjs.org/process-warning/-/process-warning-4.0.1.tgz. Extracting by manifest.
1629 silly tarball no local data for semver@https://registry.npmjs.org/semver/-/semver-7.8.5.tgz. Extracting by manifest.
1630 silly tarball no local data for real-require@https://registry.npmjs.org/real-require/-/real-require-1.0.0.tgz. Extracting by manifest.
1631 http fetch GET 200 https://registry.npmjs.org/escalade/-/escalade-3.2.0.tgz 67ms (cache miss)
1632 http fetch GET 200 https://registry.npmjs.org/safe-stable-stringify/-/safe-stable-stringify-2.5.0.tgz 76ms (cache miss)
1633 http fetch GET 200 https://registry.npmjs.org/real-require/-/real-require-0.2.0.tgz 77ms (cache miss)
1634 http fetch GET 200 https://registry.npmjs.org/ret/-/ret-0.5.0.tgz 87ms (cache miss)
1635 http fetch GET 200 https://registry.npmjs.org/thread-stream/-/thread-stream-4.2.0.tgz 90ms (cache miss)
1636 http fetch GET 200 https://registry.npmjs.org/cookie/-/cookie-1.1.1.tgz 109ms (cache miss)
1637 http fetch GET 200 https://registry.npmjs.org/set-cookie-parser/-/set-cookie-parser-2.7.2.tgz 111ms (cache miss)
1638 http fetch GET 200 https://registry.npmjs.org/fast-decode-uri-component/-/fast-decode-uri-component-1.0.1.tgz 124ms (cache miss)
1639 http fetch GET 200 https://registry.npmjs.org/safe-regex2/-/safe-regex2-5.1.1.tgz 125ms (cache miss)
1640 http fetch GET 200 https://registry.npmjs.org/pino-std-serializers/-/pino-std-serializers-7.1.0.tgz 128ms (cache miss)
1641 http fetch GET 200 https://registry.npmjs.org/dequal/-/dequal-2.0.3.tgz 141ms (cache miss)
1642 http fetch GET 200 https://registry.npmjs.org/fast-querystring/-/fast-querystring-1.1.2.tgz 167ms (cache miss)
1643 http fetch GET 200 https://registry.npmjs.org/json-schema-ref-resolver/-/json-schema-ref-resolver-3.0.0.tgz 169ms (cache miss)
1644 http fetch GET 200 https://registry.npmjs.org/fastq/-/fastq-1.20.1.tgz 170ms (cache miss)
1645 http fetch GET 200 https://registry.npmjs.org/scheduler/-/scheduler-0.27.0.tgz 174ms (cache miss)
1646 http fetch GET 200 https://registry.npmjs.org/require-from-string/-/require-from-string-2.0.2.tgz 181ms (cache miss)
1647 http fetch GET 200 https://registry.npmjs.org/@pinojs/redact/-/redact-0.4.0.tgz 186ms (cache miss)
1648 http fetch GET 200 https://registry.npmjs.org/@fastify/merge-json-schemas/-/merge-json-schemas-0.2.1.tgz 202ms (cache miss)
1649 http fetch GET 200 https://registry.npmjs.org/split2/-/split2-4.2.0.tgz 206ms (cache miss)
1650 http fetch GET 200 https://registry.npmjs.org/atomic-sleep/-/atomic-sleep-1.0.0.tgz 207ms (cache miss)
1651 http fetch GET 200 https://registry.npmjs.org/yallist/-/yallist-3.1.1.tgz 207ms (cache miss)
1652 http fetch GET 200 https://registry.npmjs.org/quick-format-unescaped/-/quick-format-unescaped-4.0.4.tgz 207ms (cache miss)
1653 http fetch GET 200 https://registry.npmjs.org/fast-deep-equal/-/fast-deep-equal-3.1.3.tgz 206ms (cache miss)
1654 http fetch GET 200 https://registry.npmjs.org/on-exit-leak-free/-/on-exit-leak-free-2.1.2.tgz 210ms (cache miss)
1655 http fetch GET 200 https://registry.npmjs.org/sonic-boom/-/sonic-boom-4.2.1.tgz 228ms (cache miss)
1656 http fetch GET 200 https://registry.npmjs.org/@fastify/forwarded/-/forwarded-3.0.2.tgz 227ms (cache miss)
1657 http fetch GET 200 https://registry.npmjs.org/ipaddr.js/-/ipaddr.js-2.5.0.tgz 227ms (cache miss)
1658 http fetch GET 200 https://registry.npmjs.org/rfdc/-/rfdc-1.4.1.tgz 231ms (cache miss)
1659 http fetch GET 200 https://registry.npmjs.org/ajv-formats/-/ajv-formats-3.0.1.tgz 232ms (cache miss)
1660 http fetch GET 200 https://registry.npmjs.org/secure-json-parse/-/secure-json-parse-4.1.0.tgz 241ms (cache miss)
1661 http fetch GET 200 https://registry.npmjs.org/reusify/-/reusify-1.1.0.tgz 244ms (cache miss)
1662 http fetch GET 200 https://registry.npmjs.org/process-warning/-/process-warning-5.1.0.tgz 250ms (cache miss)
1663 http fetch GET 200 https://registry.npmjs.org/light-my-request/-/light-my-request-6.6.0.tgz 253ms (cache miss)
1664 http fetch GET 200 https://registry.npmjs.org/json-schema-traverse/-/json-schema-traverse-1.0.0.tgz 257ms (cache miss)
1665 http fetch GET 200 https://registry.npmjs.org/abstract-logging/-/abstract-logging-2.0.1.tgz 256ms (cache miss)
1666 http fetch GET 200 https://registry.npmjs.org/update-browserslist-db/-/update-browserslist-db-1.3.1.tgz 260ms (cache miss)
1667 http fetch GET 200 https://registry.npmjs.org/@fastify/proxy-addr/-/proxy-addr-5.1.0.tgz 268ms (cache miss)
1668 http fetch GET 200 https://registry.npmjs.org/fast-uri/-/fast-uri-4.1.2.tgz 271ms (cache miss)
1669 http fetch GET 200 https://registry.npmjs.org/@fastify/ajv-compiler/-/ajv-compiler-4.0.6.tgz 275ms (cache miss)
1670 http fetch GET 200 https://registry.npmjs.org/@fastify/fast-json-stringify-compiler/-/fast-json-stringify-compiler-5.1.0.tgz 279ms (cache miss)
1671 http fetch GET 200 https://registry.npmjs.org/avvio/-/avvio-9.3.0.tgz 293ms (cache miss)
1672 http fetch GET 200 https://registry.npmjs.org/@fastify/error/-/error-4.2.0.tgz 296ms (cache miss)
1673 http fetch GET 200 https://registry.npmjs.org/node-releases/-/node-releases-2.0.53.tgz 297ms (cache miss)
1674 http fetch GET 200 https://registry.npmjs.org/@types/babel__traverse/-/babel__traverse-7.28.0.tgz 301ms (cache miss)
1675 http fetch GET 200 https://registry.npmjs.org/baseline-browser-mapping/-/baseline-browser-mapping-2.11.15.tgz 301ms (cache miss)
1676 http fetch GET 200 https://registry.npmjs.org/electron-to-chromium/-/electron-to-chromium-1.5.411.tgz 302ms (cache miss)
1677 http fetch GET 200 https://registry.npmjs.org/@types/babel__template/-/babel__template-7.4.4.tgz 306ms (cache miss)
1678 http fetch GET 200 https://registry.npmjs.org/@babel/helper-plugin-utils/-/helper-plugin-utils-7.29.7.tgz 307ms (cache miss)
1679 http fetch GET 200 https://registry.npmjs.org/@babel/helper-string-parser/-/helper-string-parser-7.29.7.tgz 308ms (cache miss)
1680 http fetch GET 200 https://registry.npmjs.org/@jridgewell/resolve-uri/-/resolve-uri-3.1.2.tgz 308ms (cache miss)
1681 http fetch GET 200 https://registry.npmjs.org/@babel/helper-globals/-/helper-globals-7.29.7.tgz 313ms (cache miss)
1682 http fetch GET 200 https://registry.npmjs.org/lru-cache/-/lru-cache-5.1.1.tgz 315ms (cache miss)
1683 http fetch GET 200 https://registry.npmjs.org/find-my-way/-/find-my-way-9.8.0.tgz 319ms (cache miss)
1684 http fetch GET 200 https://registry.npmjs.org/fast-json-stringify/-/fast-json-stringify-7.0.1.tgz 322ms (cache miss)
1685 http fetch GET 200 https://registry.npmjs.org/@babel/helper-module-imports/-/helper-module-imports-7.29.7.tgz 323ms (cache miss)
1686 http fetch POST 200 https://registry.npmjs.org/-/npm/v1/security/advisories/bulk 369ms
1687 silly audit report {}
1688 http fetch GET 200 https://registry.npmjs.org/playwright-core/-/playwright-core-1.62.1.tgz 347ms (cache miss)
1689 http fetch GET 200 https://registry.npmjs.org/semver/-/semver-6.3.1.tgz 341ms (cache miss)
1690 http fetch GET 200 https://registry.npmjs.org/browserslist/-/browserslist-4.28.8.tgz 340ms (cache miss)
1691 http fetch GET 200 https://registry.npmjs.org/@babel/helper-validator-option/-/helper-validator-option-7.29.7.tgz 342ms (cache miss)
1692 http fetch GET 200 https://registry.npmjs.org/jsesc/-/jsesc-3.1.0.tgz 346ms (cache miss)
1693 http fetch GET 200 https://registry.npmjs.org/@babel/compat-data/-/compat-data-7.29.7.tgz 347ms (cache miss)
1694 http fetch GET 200 https://registry.npmjs.org/gensync/-/gensync-1.0.0-beta.2.tgz 348ms (cache miss)
1695 http fetch GET 200 https://registry.npmjs.org/convert-source-map/-/convert-source-map-2.0.0.tgz 349ms (cache miss)
1696 http fetch GET 200 https://registry.npmjs.org/@jridgewell/remapping/-/remapping-2.3.5.tgz 350ms (cache miss)
1697 http fetch GET 200 https://registry.npmjs.org/@jridgewell/gen-mapping/-/gen-mapping-0.3.13.tgz 357ms (cache miss)
1698 http fetch GET 200 https://registry.npmjs.org/@jridgewell/trace-mapping/-/trace-mapping-0.3.31.tgz 363ms (cache miss)
1699 http fetch GET 200 https://registry.npmjs.org/pino/-/pino-10.3.1.tgz 383ms (cache miss)
1700 http fetch GET 200 https://registry.npmjs.org/@babel/helper-validator-identifier/-/helper-validator-identifier-7.29.7.tgz 467ms (cache miss)
1701 http fetch GET 200 https://registry.npmjs.org/react-refresh/-/react-refresh-0.18.0.tgz 467ms (cache miss)
1702 http fetch GET 200 https://registry.npmjs.org/@babel/code-frame/-/code-frame-7.29.7.tgz 468ms (cache miss)
1703 http fetch GET 200 https://registry.npmjs.org/@babel/plugin-transform-react-jsx-source/-/plugin-transform-react-jsx-source-7.29.7.tgz 467ms (cache miss)
1704 http fetch GET 200 https://registry.npmjs.org/@types/babel__core/-/babel__core-7.20.5.tgz 468ms (cache miss)
1705 http fetch GET 200 https://registry.npmjs.org/@babel/helper-compilation-targets/-/helper-compilation-targets-7.29.7.tgz 474ms (cache miss)
1706 http fetch GET 200 https://registry.npmjs.org/json5/-/json5-2.2.3.tgz 480ms (cache miss)
1707 http fetch GET 200 https://registry.npmjs.org/@babel/template/-/template-7.29.7.tgz 480ms (cache miss)
1708 http fetch GET 200 https://registry.npmjs.org/@babel/helper-module-transforms/-/helper-module-transforms-7.29.7.tgz 482ms (cache miss)
1709 http fetch GET 200 https://registry.npmjs.org/toad-cache/-/toad-cache-3.7.4.tgz 507ms (cache miss)
1710 http fetch GET 200 https://registry.npmjs.org/fastify-plugin/-/fastify-plugin-6.0.0.tgz 509ms (cache miss)
1711 http fetch GET 200 https://registry.npmjs.org/@babel/traverse/-/traverse-7.29.8.tgz 515ms (cache miss)
1712 http fetch GET 200 https://registry.npmjs.org/tslib/-/tslib-2.8.1.tgz 515ms (cache miss)
1713 http fetch GET 200 https://registry.npmjs.org/idb/-/idb-8.0.3.tgz 515ms (cache miss)
1714 http fetch GET 200 https://registry.npmjs.org/pino-abstract-transport/-/pino-abstract-transport-3.0.0.tgz 526ms (cache miss)
1715 http fetch GET 200 https://registry.npmjs.org/csstype/-/csstype-3.2.3.tgz 527ms (cache miss)
1716 http fetch GET 200 https://registry.npmjs.org/@babel/plugin-transform-react-jsx-self/-/plugin-transform-react-jsx-self-7.29.7.tgz 529ms (cache miss)
1717 http fetch GET 200 https://registry.npmjs.org/@dnd-kit/accessibility/-/accessibility-3.1.1.tgz 529ms (cache miss)
1718 http fetch GET 200 https://registry.npmjs.org/ajv/-/ajv-8.20.0.tgz 570ms (cache miss)
1719 http fetch GET 200 https://registry.npmjs.org/@types/react-dom/-/react-dom-19.2.4.tgz 567ms (cache miss)
1720 http fetch GET 200 https://registry.npmjs.org/@types/react/-/react-19.2.18.tgz 579ms (cache miss)
1721 http fetch GET 200 https://registry.npmjs.org/@vitejs/plugin-react/-/plugin-react-5.2.0.tgz 587ms (cache miss)
1722 http fetch GET 200 https://registry.npmjs.org/@dnd-kit/utilities/-/utilities-3.2.2.tgz 590ms (cache miss)
1723 http fetch GET 200 https://registry.npmjs.org/@babel/parser/-/parser-7.29.8.tgz 609ms (cache miss)
1724 http fetch GET 200 https://registry.npmjs.org/@babel/generator/-/generator-7.29.8.tgz 608ms (cache miss)
1725 http fetch GET 200 https://registry.npmjs.org/stackback/-/stackback-0.0.2.tgz 618ms (cache miss)
1726 http fetch GET 200 https://registry.npmjs.org/@dnd-kit/sortable/-/sortable-10.0.0.tgz 627ms (cache miss)
1727 http fetch GET 200 https://registry.npmjs.org/siginfo/-/siginfo-2.0.0.tgz 660ms (cache miss)
1728 http fetch GET 200 https://registry.npmjs.org/@types/babel__generator/-/babel__generator-7.27.0.tgz 671ms (cache miss)
1729 http fetch GET 200 https://registry.npmjs.org/es-module-lexer/-/es-module-lexer-1.7.0.tgz 672ms (cache miss)
1730 http fetch GET 200 https://registry.npmjs.org/cac/-/cac-6.7.14.tgz 688ms (cache miss)
1731 http fetch GET 200 https://registry.npmjs.org/source-map-js/-/source-map-js-1.2.1.tgz 695ms (cache miss)
1732 http fetch GET 200 https://registry.npmjs.org/react/-/react-19.2.8.tgz 698ms (cache miss)
1733 http fetch GET 200 https://registry.npmjs.org/picocolors/-/picocolors-1.1.1.tgz 717ms (cache miss)
1734 http fetch GET 200 https://registry.npmjs.org/nanoid/-/nanoid-3.3.18.tgz 718ms (cache miss)
1735 http fetch GET 200 https://registry.npmjs.org/@rolldown/pluginutils/-/pluginutils-1.0.0-rc.3.tgz 733ms (cache miss)
1736 http fetch GET 200 https://registry.npmjs.org/postcss/-/postcss-8.5.26.tgz 733ms (cache miss)
1737 http fetch GET 200 https://registry.npmjs.org/react-dom/-/react-dom-19.2.8.tgz 736ms (cache miss)
1738 http fetch GET 200 https://registry.npmjs.org/ms/-/ms-2.1.3.tgz 736ms (cache miss)
1739 http fetch GET 200 https://registry.npmjs.org/fsevents/-/fsevents-2.3.3.tgz 738ms (cache miss)
1740 http fetch GET 200 https://registry.npmjs.org/fdir/-/fdir-6.5.0.tgz 737ms (cache miss)
1741 http fetch GET 200 https://registry.npmjs.org/@babel/core/-/core-7.29.7.tgz 742ms (cache miss)
1742 http fetch GET 200 https://registry.npmjs.org/esbuild/-/esbuild-0.28.2.tgz 741ms (cache miss)
1743 http fetch GET 200 https://registry.npmjs.org/tsx/-/tsx-4.23.12.tgz 754ms (cache miss)
1744 http fetch GET 200 https://registry.npmjs.org/@jridgewell/sourcemap-codec/-/sourcemap-codec-1.5.5.tgz 758ms (cache miss)
1745 http fetch GET 200 https://registry.npmjs.org/@types/estree/-/estree-1.0.9.tgz 762ms (cache miss)
1746 http fetch GET 200 https://registry.npmjs.org/js-tokens/-/js-tokens-9.0.1.tgz 762ms (cache miss)
1747 http fetch GET 200 https://registry.npmjs.org/tinyspy/-/tinyspy-4.0.4.tgz 764ms (cache miss)
1748 http fetch GET 200 https://registry.npmjs.org/deep-eql/-/deep-eql-5.0.2.tgz 764ms (cache miss)
1749 http fetch GET 200 https://registry.npmjs.org/@babel/types/-/types-7.29.8.tgz 774ms (cache miss)
1750 http fetch GET 200 https://registry.npmjs.org/playwright/-/playwright-1.62.1.tgz 769ms (cache miss)
1751 http fetch GET 200 https://registry.npmjs.org/pathval/-/pathval-2.0.1.tgz 786ms (cache miss)
1752 http fetch GET 200 https://registry.npmjs.org/check-error/-/check-error-2.1.3.tgz 787ms (cache miss)
1753 http fetch GET 200 https://registry.npmjs.org/estree-walker/-/estree-walker-3.0.3.tgz 787ms (cache miss)
1754 http fetch GET 200 https://registry.npmjs.org/strip-literal/-/strip-literal-3.1.0.tgz 788ms (cache miss)
1755 http fetch GET 200 https://registry.npmjs.org/loupe/-/loupe-3.2.1.tgz 788ms (cache miss)
1756 http fetch GET 200 https://registry.npmjs.org/tinyrainbow/-/tinyrainbow-2.0.0.tgz 789ms (cache miss)
1757 http fetch GET 200 https://registry.npmjs.org/rollup/-/rollup-4.62.4.tgz 793ms (cache miss)
1758 http fetch GET 200 https://registry.npmjs.org/@babel/helpers/-/helpers-7.29.7.tgz 812ms (cache miss)
1759 http fetch GET 200 https://registry.npmjs.org/@types/deep-eql/-/deep-eql-4.0.2.tgz 806ms (cache miss)
1760 http fetch GET 200 https://registry.npmjs.org/assertion-error/-/assertion-error-2.0.1.tgz 805ms (cache miss)
1761 http fetch GET 200 https://registry.npmjs.org/why-is-node-running/-/why-is-node-running-2.3.0.tgz 807ms (cache miss)
1762 http fetch GET 200 https://registry.npmjs.org/tinybench/-/tinybench-2.9.0.tgz 808ms (cache miss)
1763 http fetch GET 200 https://registry.npmjs.org/@dnd-kit/core/-/core-6.3.1.tgz 820ms (cache miss)
1764 http fetch GET 200 https://registry.npmjs.org/std-env/-/std-env-3.10.0.tgz 818ms (cache miss)
1765 http fetch GET 200 https://registry.npmjs.org/tinyglobby/-/tinyglobby-0.2.17.tgz 827ms (cache miss)
1766 http fetch GET 200 https://registry.npmjs.org/tinypool/-/tinypool-1.1.1.tgz 828ms (cache miss)
1767 http fetch GET 200 https://registry.npmjs.org/tinyexec/-/tinyexec-0.3.2.tgz 831ms (cache miss)
1768 http fetch GET 200 https://registry.npmjs.org/picomatch/-/picomatch-4.0.5.tgz 834ms (cache miss)
1769 http fetch GET 200 https://registry.npmjs.org/debug/-/debug-4.4.3.tgz 845ms (cache miss)
1770 http fetch GET 200 https://registry.npmjs.org/pathe/-/pathe-2.0.3.tgz 847ms (cache miss)
1771 http fetch GET 200 https://registry.npmjs.org/magic-string/-/magic-string-0.30.21.tgz 849ms (cache miss)
1772 http fetch GET 200 https://registry.npmjs.org/vite-node/-/vite-node-3.2.4.tgz 850ms (cache miss)
1773 http fetch GET 200 https://registry.npmjs.org/expect-type/-/expect-type-1.4.0.tgz 850ms (cache miss)
1774 http fetch GET 200 https://registry.npmjs.org/vite/-/vite-7.3.6.tgz 863ms (cache miss)
1775 http fetch GET 200 https://registry.npmjs.org/@types/chai/-/chai-5.2.3.tgz 867ms (cache miss)
1776 http fetch GET 200 https://registry.npmjs.org/chai/-/chai-5.3.3.tgz 872ms (cache miss)
1777 http fetch GET 200 https://registry.npmjs.org/caniuse-lite/-/caniuse-lite-1.0.30001809.tgz 899ms (cache miss)
1778 http fetch GET 200 https://registry.npmjs.org/fastify/-/fastify-5.12.1.tgz 915ms (cache miss)
1779 http fetch GET 200 https://registry.npmjs.org/fsevents/-/fsevents-2.3.2.tgz 985ms (cache miss)
1780 http fetch GET 200 https://registry.npmjs.org/undici-types/-/undici-types-7.18.2.tgz 989ms (cache miss)
1781 http fetch GET 200 https://registry.npmjs.org/@fastify/cors/-/cors-11.3.0.tgz 1000ms (cache miss)
1782 http fetch GET 200 https://registry.npmjs.org/fast-uri/-/fast-uri-3.1.5.tgz 1002ms (cache miss)
1783 http fetch GET 200 https://registry.npmjs.org/@rollup/rollup-darwin-arm64/-/rollup-darwin-arm64-4.62.4.tgz 1013ms (cache miss)
1784 http fetch GET 200 https://registry.npmjs.org/js-tokens/-/js-tokens-4.0.0.tgz 1015ms (cache miss)
1785 http fetch GET 200 https://registry.npmjs.org/process-warning/-/process-warning-4.0.1.tgz 1020ms (cache miss)
1786 http fetch GET 200 https://registry.npmjs.org/real-require/-/real-require-1.0.0.tgz 1021ms (cache miss)
1787 http fetch GET 200 https://registry.npmjs.org/semver/-/semver-7.8.5.tgz 1036ms (cache miss)
1788 http fetch GET 200 https://registry.npmjs.org/vitest/-/vitest-3.2.7.tgz 1048ms (cache miss)
1789 http fetch GET 200 https://registry.npmjs.org/@types/node/-/node-24.13.3.tgz 1070ms (cache miss)
1790 http fetch GET 200 https://registry.npmjs.org/zod/-/zod-4.4.3.tgz 1172ms (cache miss)
1791 http fetch GET 200 https://registry.npmjs.org/@vitest/pretty-format/-/pretty-format-3.2.7.tgz 1187ms (cache miss)
1792 http fetch GET 200 https://registry.npmjs.org/@vitest/runner/-/runner-3.2.7.tgz 1194ms (cache miss)
1793 http fetch GET 200 https://registry.npmjs.org/@vitest/spy/-/spy-3.2.7.tgz 1195ms (cache miss)
1794 http fetch GET 200 https://registry.npmjs.org/@vitest/utils/-/utils-3.2.7.tgz 1213ms (cache miss)
1795 http fetch GET 200 https://registry.npmjs.org/@vitest/expect/-/expect-3.2.7.tgz 1222ms (cache miss)
1796 http fetch GET 200 https://registry.npmjs.org/@vitest/mocker/-/mocker-3.2.7.tgz 1230ms (cache miss)
1797 http fetch GET 200 https://registry.npmjs.org/@vitest/snapshot/-/snapshot-3.2.7.tgz 1236ms (cache miss)
1798 http fetch GET 200 https://registry.npmjs.org/@esbuild/darwin-arm64/-/darwin-arm64-0.28.2.tgz 1270ms (cache miss)
1799 http fetch GET 200 https://registry.npmjs.org/typescript/-/typescript-5.9.3.tgz 1378ms (cache miss)
1800 http fetch GET 200 https://registry.npmjs.org/lucide-react/-/lucide-react-0.540.0.tgz 1991ms (cache miss)
1801 info run fsevents@2.3.3 install node_modules/fsevents node-gyp rebuild
1802 info run fsevents@2.3.2 install node_modules/playwright/node_modules/fsevents node-gyp rebuild
1803 info run fsevents@2.3.3 install { code: 1, signal: null }
1804 verbose reify failed optional dependency /Users/stanford/Documents/Codex/2026-08-20/what/node_modules/fsevents
1805 silly reify mark deleted [
1805 silly reify   '/Users/stanford/Documents/Codex/2026-08-20/what/node_modules/fsevents'
1805 silly reify ]
1806 info run fsevents@2.3.2 install { code: 1, signal: null }
1807 verbose reify failed optional dependency /Users/stanford/Documents/Codex/2026-08-20/what/node_modules/playwright/node_modules/fsevents
1808 silly reify mark deleted [
1808 silly reify   '/Users/stanford/Documents/Codex/2026-08-20/what/node_modules/playwright/node_modules/fsevents'
1808 silly reify ]
1809 info run esbuild@0.28.2 postinstall node_modules/esbuild node install.js
1810 info run esbuild@0.28.2 postinstall { code: 0, signal: null }
1811 silly ADD node_modules/escalade
1812 silly ADD node_modules/ret
1813 silly ADD node_modules/scheduler
1814 silly ADD node_modules/playwright-core
1815 silly ADD node_modules/split2
1816 silly ADD node_modules/thread-stream
1817 silly ADD node_modules/thread-stream/node_modules/real-require
1818 silly ADD node_modules/sonic-boom
1819 silly ADD node_modules/safe-stable-stringify
1820 silly ADD node_modules/real-require
1821 silly ADD node_modules/quick-format-unescaped
1822 silly ADD node_modules/pino-std-serializers
1823 silly ADD node_modules/pino-abstract-transport
1824 silly ADD node_modules/on-exit-leak-free
1825 silly ADD node_modules/atomic-sleep
1826 silly ADD node_modules/@pinojs/redact
1827 silly ADD node_modules/yallist
1828 silly ADD node_modules/set-cookie-parser
1829 silly ADD node_modules/cookie
1830 silly ADD node_modules/fast-decode-uri-component
1831 silly ADD node_modules/safe-regex2
1832 silly ADD node_modules/fast-querystring
1833 silly ADD node_modules/reusify
1834 silly ADD node_modules/dequal
1835 silly ADD node_modules/json-schema-ref-resolver
1836 silly ADD node_modules/@fastify/merge-json-schemas
1837 silly ADD node_modules/fastq
1838 silly ADD node_modules/require-from-string
1839 silly ADD node_modules/json-schema-traverse
1840 silly ADD node_modules/fast-deep-equal
1841 silly ADD node_modules/ipaddr.js
1842 silly ADD node_modules/@fastify/forwarded
1843 silly ADD node_modules/fast-uri
1844 silly ADD node_modules/ajv-formats
1845 silly ADD node_modules/ajv
1846 silly ADD node_modules/ajv/node_modules/fast-uri
1847 silly ADD node_modules/secure-json-parse
1848 silly ADD node_modules/rfdc
1849 silly ADD node_modules/process-warning
1850 silly ADD node_modules/pino
1851 silly ADD node_modules/light-my-request
1852 silly ADD node_modules/light-my-request/node_modules/process-warning
1853 silly ADD node_modules/find-my-way
1854 silly ADD node_modules/fast-json-stringify
1855 silly ADD node_modules/avvio
1856 silly ADD node_modules/abstract-logging
1857 silly ADD node_modules/@fastify/proxy-addr
1858 silly ADD node_modules/@fastify/fast-json-stringify-compiler
1859 silly ADD node_modules/@fastify/error
1860 silly ADD node_modules/@fastify/ajv-compiler
1861 silly ADD node_modules/update-browserslist-db
1862 silly ADD node_modules/node-releases
1863 silly ADD node_modules/electron-to-chromium
1864 silly ADD node_modules/caniuse-lite
1865 silly ADD node_modules/baseline-browser-mapping
1866 silly ADD node_modules/@types/babel__traverse
1867 silly ADD node_modules/@types/babel__template
1868 silly ADD node_modules/@types/babel__generator
1869 silly ADD node_modules/@jridgewell/resolve-uri
1870 silly ADD node_modules/@babel/helper-string-parser
1871 silly ADD node_modules/@babel/helper-globals
1872 silly ADD node_modules/@babel/helper-plugin-utils
1873 silly ADD node_modules/@babel/helper-module-imports
1874 silly ADD node_modules/lru-cache
1875 silly ADD node_modules/browserslist
1876 silly ADD node_modules/@babel/helper-validator-option
1877 silly ADD node_modules/@babel/compat-data
1878 silly ADD node_modules/jsesc
1879 silly ADD node_modules/@jridgewell/trace-mapping
1880 silly ADD node_modules/@jridgewell/gen-mapping
1881 silly ADD node_modules/@babel/helper-validator-identifier
1882 silly ADD node_modules/semver
1883 silly ADD node_modules/json5
1884 silly ADD node_modules/gensync
1885 silly ADD node_modules/convert-source-map
1886 silly ADD node_modules/@jridgewell/remapping
1887 silly ADD node_modules/@babel/types
1888 silly ADD node_modules/@babel/traverse
1889 silly ADD node_modules/@babel/template
1890 silly ADD node_modules/@babel/parser
1891 silly ADD node_modules/@babel/helpers
1892 silly ADD node_modules/@babel/helper-module-transforms
1893 silly ADD node_modules/@babel/helper-compilation-targets
1894 silly ADD node_modules/@babel/generator
1895 silly ADD node_modules/@babel/code-frame
1896 silly ADD node_modules/@babel/code-frame/node_modules/js-tokens
1897 silly ADD node_modules/react-refresh
1898 silly ADD node_modules/@types/babel__core
1899 silly ADD node_modules/@rolldown/pluginutils
1900 silly ADD node_modules/@babel/plugin-transform-react-jsx-source
1901 silly ADD node_modules/@babel/plugin-transform-react-jsx-self
1902 silly ADD node_modules/@babel/core
1903 silly ADD node_modules/csstype
1904 silly ADD node_modules/toad-cache
1905 silly ADD node_modules/fastify-plugin
1906 silly ADD node_modules/tslib
1907 silly ADD node_modules/@dnd-kit/utilities
1908 silly ADD node_modules/@dnd-kit/accessibility
1909 silly ADD node_modules/lucide-react
1910 silly ADD node_modules/idb
1911 silly ADD node_modules/@vitejs/plugin-react
1912 silly ADD node_modules/@types/react-dom
1913 silly ADD node_modules/@types/react
1914 silly ADD node_modules/@dnd-kit/sortable
1915 silly ADD node_modules/react-dom
1916 silly ADD node_modules/react
1917 silly ADD node_modules/@dnd-kit/core
1918 silly ADD node_modules/zod
1919 silly ADD node_modules/tsx
1920 silly ADD node_modules/playwright
1921 silly ADD
1922 silly ADD node_modules/fastify
1923 silly ADD node_modules/fastify/node_modules/semver
1924 silly ADD node_modules/@fastify/cors
1925 silly ADD node_modules/stackback
1926 silly ADD node_modules/siginfo
1927 silly ADD node_modules/es-module-lexer
1928 silly ADD node_modules/cac
1929 silly ADD node_modules/@rollup/rollup-darwin-arm64
1930 silly ADD node_modules/source-map-js
1931 silly ADD node_modules/picocolors
1932 silly ADD node_modules/nanoid
1933 silly ADD node_modules/@esbuild/darwin-arm64
1934 silly ADD node_modules/rollup
1935 silly ADD node_modules/postcss
1936 silly ADD
1937 silly ADD node_modules/esbuild
1938 silly ADD node_modules/fdir
1939 silly ADD node_modules/js-tokens
1940 silly ADD node_modules/@jridgewell/sourcemap-codec
1941 silly ADD node_modules/@types/estree
1942 silly ADD node_modules/ms
1943 silly ADD node_modules/pathval
1944 silly ADD node_modules/deep-eql
1945 silly ADD node_modules/check-error
1946 silly ADD node_modules/loupe
1947 silly ADD node_modules/tinyspy
1948 silly ADD node_modules/strip-literal
1949 silly ADD node_modules/estree-walker
1950 silly ADD node_modules/assertion-error
1951 silly ADD node_modules/@types/deep-eql
1952 silly ADD node_modules/why-is-node-running
1953 silly ADD node_modules/vite-node
1954 silly ADD node_modules/vite
1955 silly ADD node_modules/tinyrainbow
1956 silly ADD node_modules/tinypool
1957 silly ADD node_modules/tinyglobby
1958 silly ADD node_modules/tinyexec
1959 silly ADD node_modules/tinybench
1960 silly ADD node_modules/std-env
1961 silly ADD node_modules/picomatch
1962 silly ADD node_modules/pathe
1963 silly ADD node_modules/magic-string
1964 silly ADD node_modules/expect-type
1965 silly ADD node_modules/debug
1966 silly ADD node_modules/chai
1967 silly ADD node_modules/@vitest/utils
1968 silly ADD node_modules/@vitest/spy
1969 silly ADD node_modules/@vitest/snapshot
1970 silly ADD node_modules/@vitest/runner
1971 silly ADD node_modules/@vitest/pretty-format
1972 silly ADD node_modules/@vitest/mocker
1973 silly ADD node_modules/@vitest/expect
1974 silly ADD node_modules/@types/chai
1975 silly ADD node_modules/undici-types
1976 silly ADD node_modules/vitest
1977 silly ADD node_modules/typescript
1978 silly ADD node_modules/@types/node
1979 silly ADD node_modules/@resume-builder/web
1980 silly ADD node_modules/@resume-builder/render-service
1981 silly ADD node_modules/@resume-builder/render
1982 silly ADD node_modules/@resume-builder/core
1983 verbose cwd /Users/stanford/Documents/Codex/2026-08-20/what
1984 verbose os Darwin 25.3.0
1985 verbose node v24.13.0
1986 verbose npm  v11.6.2
1987 notice
1987 notice New minor version of npm available! 11.6.2 -> 11.19.0
1987 notice Changelog: https://github.com/npm/cli/releases/tag/v11.19.0
1987 notice To update run: npm install -g npm@11.19.0
1987 notice  { force: true, Symbol(proc-log.meta): true }
1988 verbose exit 0
1989 info ok
